#
# TABLE STRUCTURE FOR: communities
#

DROP TABLE IF EXISTS `communities`;

CREATE TABLE `communities` (
  `id` int(10) unsigned NOT NULL AUTO_INCREMENT,
  `name` varchar(150) COLLATE utf8_unicode_ci NOT NULL,
  PRIMARY KEY (`id`),
  UNIQUE KEY `name` (`name`)
) ENGINE=InnoDB AUTO_INCREMENT=31 DEFAULT CHARSET=utf8 COLLATE=utf8_unicode_ci;

INSERT INTO `communities` (`id`, `name`) VALUES (29, 'aperiam');
INSERT INTO `communities` (`id`, `name`) VALUES (9, 'aut');
INSERT INTO `communities` (`id`, `name`) VALUES (11, 'consequatur');
INSERT INTO `communities` (`id`, `name`) VALUES (16, 'dignissimos');
INSERT INTO `communities` (`id`, `name`) VALUES (7, 'dolorum');
INSERT INTO `communities` (`id`, `name`) VALUES (22, 'ducimus');
INSERT INTO `communities` (`id`, `name`) VALUES (4, 'eius');
INSERT INTO `communities` (`id`, `name`) VALUES (24, 'eos');
INSERT INTO `communities` (`id`, `name`) VALUES (18, 'error');
INSERT INTO `communities` (`id`, `name`) VALUES (21, 'est');
INSERT INTO `communities` (`id`, `name`) VALUES (2, 'et');
INSERT INTO `communities` (`id`, `name`) VALUES (15, 'excepturi');
INSERT INTO `communities` (`id`, `name`) VALUES (10, 'exercitationem');
INSERT INTO `communities` (`id`, `name`) VALUES (27, 'impedit');
INSERT INTO `communities` (`id`, `name`) VALUES (19, 'laborum');
INSERT INTO `communities` (`id`, `name`) VALUES (26, 'nemo');
INSERT INTO `communities` (`id`, `name`) VALUES (1, 'neque');
INSERT INTO `communities` (`id`, `name`) VALUES (13, 'non');
INSERT INTO `communities` (`id`, `name`) VALUES (8, 'occaecati');
INSERT INTO `communities` (`id`, `name`) VALUES (28, 'porro');
INSERT INTO `communities` (`id`, `name`) VALUES (17, 'quae');
INSERT INTO `communities` (`id`, `name`) VALUES (6, 'quam');
INSERT INTO `communities` (`id`, `name`) VALUES (14, 'quas');
INSERT INTO `communities` (`id`, `name`) VALUES (30, 'quasi');
INSERT INTO `communities` (`id`, `name`) VALUES (20, 'qui');
INSERT INTO `communities` (`id`, `name`) VALUES (23, 'reprehenderit');
INSERT INTO `communities` (`id`, `name`) VALUES (5, 'soluta');
INSERT INTO `communities` (`id`, `name`) VALUES (12, 'unde');
INSERT INTO `communities` (`id`, `name`) VALUES (25, 'voluptas');
INSERT INTO `communities` (`id`, `name`) VALUES (3, 'voluptatem');


#
# TABLE STRUCTURE FOR: communities_users
#

DROP TABLE IF EXISTS `communities_users`;

CREATE TABLE `communities_users` (
  `community_id` int(10) unsigned NOT NULL,
  `user_id` int(10) unsigned NOT NULL,
  PRIMARY KEY (`community_id`,`user_id`)
) ENGINE=InnoDB DEFAULT CHARSET=utf8 COLLATE=utf8_unicode_ci;

INSERT INTO `communities_users` (`community_id`, `user_id`) VALUES (1, 44);
INSERT INTO `communities_users` (`community_id`, `user_id`) VALUES (1, 50);
INSERT INTO `communities_users` (`community_id`, `user_id`) VALUES (1, 97);
INSERT INTO `communities_users` (`community_id`, `user_id`) VALUES (2, 43);
INSERT INTO `communities_users` (`community_id`, `user_id`) VALUES (2, 70);
INSERT INTO `communities_users` (`community_id`, `user_id`) VALUES (2, 74);
INSERT INTO `communities_users` (`community_id`, `user_id`) VALUES (2, 85);
INSERT INTO `communities_users` (`community_id`, `user_id`) VALUES (2, 90);
INSERT INTO `communities_users` (`community_id`, `user_id`) VALUES (3, 64);
INSERT INTO `communities_users` (`community_id`, `user_id`) VALUES (4, 17);
INSERT INTO `communities_users` (`community_id`, `user_id`) VALUES (4, 18);
INSERT INTO `communities_users` (`community_id`, `user_id`) VALUES (4, 61);
INSERT INTO `communities_users` (`community_id`, `user_id`) VALUES (5, 11);
INSERT INTO `communities_users` (`community_id`, `user_id`) VALUES (5, 76);
INSERT INTO `communities_users` (`community_id`, `user_id`) VALUES (5, 78);
INSERT INTO `communities_users` (`community_id`, `user_id`) VALUES (6, 2);
INSERT INTO `communities_users` (`community_id`, `user_id`) VALUES (6, 26);
INSERT INTO `communities_users` (`community_id`, `user_id`) VALUES (7, 29);
INSERT INTO `communities_users` (`community_id`, `user_id`) VALUES (7, 60);
INSERT INTO `communities_users` (`community_id`, `user_id`) VALUES (7, 93);
INSERT INTO `communities_users` (`community_id`, `user_id`) VALUES (8, 3);
INSERT INTO `communities_users` (`community_id`, `user_id`) VALUES (8, 66);
INSERT INTO `communities_users` (`community_id`, `user_id`) VALUES (9, 15);
INSERT INTO `communities_users` (`community_id`, `user_id`) VALUES (9, 68);
INSERT INTO `communities_users` (`community_id`, `user_id`) VALUES (9, 80);
INSERT INTO `communities_users` (`community_id`, `user_id`) VALUES (10, 33);
INSERT INTO `communities_users` (`community_id`, `user_id`) VALUES (10, 40);
INSERT INTO `communities_users` (`community_id`, `user_id`) VALUES (10, 79);
INSERT INTO `communities_users` (`community_id`, `user_id`) VALUES (11, 48);
INSERT INTO `communities_users` (`community_id`, `user_id`) VALUES (12, 4);
INSERT INTO `communities_users` (`community_id`, `user_id`) VALUES (12, 7);
INSERT INTO `communities_users` (`community_id`, `user_id`) VALUES (12, 35);
INSERT INTO `communities_users` (`community_id`, `user_id`) VALUES (12, 49);
INSERT INTO `communities_users` (`community_id`, `user_id`) VALUES (12, 57);
INSERT INTO `communities_users` (`community_id`, `user_id`) VALUES (12, 63);
INSERT INTO `communities_users` (`community_id`, `user_id`) VALUES (13, 5);
INSERT INTO `communities_users` (`community_id`, `user_id`) VALUES (13, 45);
INSERT INTO `communities_users` (`community_id`, `user_id`) VALUES (13, 55);
INSERT INTO `communities_users` (`community_id`, `user_id`) VALUES (13, 77);
INSERT INTO `communities_users` (`community_id`, `user_id`) VALUES (13, 98);
INSERT INTO `communities_users` (`community_id`, `user_id`) VALUES (14, 14);
INSERT INTO `communities_users` (`community_id`, `user_id`) VALUES (14, 22);
INSERT INTO `communities_users` (`community_id`, `user_id`) VALUES (14, 27);
INSERT INTO `communities_users` (`community_id`, `user_id`) VALUES (14, 52);
INSERT INTO `communities_users` (`community_id`, `user_id`) VALUES (15, 38);
INSERT INTO `communities_users` (`community_id`, `user_id`) VALUES (15, 73);
INSERT INTO `communities_users` (`community_id`, `user_id`) VALUES (16, 9);
INSERT INTO `communities_users` (`community_id`, `user_id`) VALUES (16, 23);
INSERT INTO `communities_users` (`community_id`, `user_id`) VALUES (16, 31);
INSERT INTO `communities_users` (`community_id`, `user_id`) VALUES (16, 94);
INSERT INTO `communities_users` (`community_id`, `user_id`) VALUES (17, 20);
INSERT INTO `communities_users` (`community_id`, `user_id`) VALUES (17, 30);
INSERT INTO `communities_users` (`community_id`, `user_id`) VALUES (17, 34);
INSERT INTO `communities_users` (`community_id`, `user_id`) VALUES (17, 53);
INSERT INTO `communities_users` (`community_id`, `user_id`) VALUES (17, 58);
INSERT INTO `communities_users` (`community_id`, `user_id`) VALUES (17, 62);
INSERT INTO `communities_users` (`community_id`, `user_id`) VALUES (18, 1);
INSERT INTO `communities_users` (`community_id`, `user_id`) VALUES (18, 8);
INSERT INTO `communities_users` (`community_id`, `user_id`) VALUES (18, 16);
INSERT INTO `communities_users` (`community_id`, `user_id`) VALUES (18, 39);
INSERT INTO `communities_users` (`community_id`, `user_id`) VALUES (18, 69);
INSERT INTO `communities_users` (`community_id`, `user_id`) VALUES (18, 71);
INSERT INTO `communities_users` (`community_id`, `user_id`) VALUES (19, 32);
INSERT INTO `communities_users` (`community_id`, `user_id`) VALUES (19, 46);
INSERT INTO `communities_users` (`community_id`, `user_id`) VALUES (19, 56);
INSERT INTO `communities_users` (`community_id`, `user_id`) VALUES (19, 83);
INSERT INTO `communities_users` (`community_id`, `user_id`) VALUES (21, 36);
INSERT INTO `communities_users` (`community_id`, `user_id`) VALUES (21, 99);
INSERT INTO `communities_users` (`community_id`, `user_id`) VALUES (22, 12);
INSERT INTO `communities_users` (`community_id`, `user_id`) VALUES (22, 13);
INSERT INTO `communities_users` (`community_id`, `user_id`) VALUES (22, 25);
INSERT INTO `communities_users` (`community_id`, `user_id`) VALUES (22, 37);
INSERT INTO `communities_users` (`community_id`, `user_id`) VALUES (22, 47);
INSERT INTO `communities_users` (`community_id`, `user_id`) VALUES (22, 54);
INSERT INTO `communities_users` (`community_id`, `user_id`) VALUES (22, 59);
INSERT INTO `communities_users` (`community_id`, `user_id`) VALUES (22, 65);
INSERT INTO `communities_users` (`community_id`, `user_id`) VALUES (22, 92);
INSERT INTO `communities_users` (`community_id`, `user_id`) VALUES (23, 81);
INSERT INTO `communities_users` (`community_id`, `user_id`) VALUES (24, 10);
INSERT INTO `communities_users` (`community_id`, `user_id`) VALUES (24, 51);
INSERT INTO `communities_users` (`community_id`, `user_id`) VALUES (24, 75);
INSERT INTO `communities_users` (`community_id`, `user_id`) VALUES (24, 82);
INSERT INTO `communities_users` (`community_id`, `user_id`) VALUES (25, 96);
INSERT INTO `communities_users` (`community_id`, `user_id`) VALUES (25, 100);
INSERT INTO `communities_users` (`community_id`, `user_id`) VALUES (26, 19);
INSERT INTO `communities_users` (`community_id`, `user_id`) VALUES (26, 67);
INSERT INTO `communities_users` (`community_id`, `user_id`) VALUES (26, 86);
INSERT INTO `communities_users` (`community_id`, `user_id`) VALUES (26, 87);
INSERT INTO `communities_users` (`community_id`, `user_id`) VALUES (27, 84);
INSERT INTO `communities_users` (`community_id`, `user_id`) VALUES (28, 6);
INSERT INTO `communities_users` (`community_id`, `user_id`) VALUES (28, 89);
INSERT INTO `communities_users` (`community_id`, `user_id`) VALUES (28, 95);
INSERT INTO `communities_users` (`community_id`, `user_id`) VALUES (29, 24);
INSERT INTO `communities_users` (`community_id`, `user_id`) VALUES (29, 28);
INSERT INTO `communities_users` (`community_id`, `user_id`) VALUES (29, 41);
INSERT INTO `communities_users` (`community_id`, `user_id`) VALUES (29, 42);
INSERT INTO `communities_users` (`community_id`, `user_id`) VALUES (29, 72);
INSERT INTO `communities_users` (`community_id`, `user_id`) VALUES (29, 88);
INSERT INTO `communities_users` (`community_id`, `user_id`) VALUES (29, 91);
INSERT INTO `communities_users` (`community_id`, `user_id`) VALUES (30, 21);


#
# TABLE STRUCTURE FOR: family_statuses
#

DROP TABLE IF EXISTS `family_statuses`;

CREATE TABLE `family_statuses` (
  `id` int(10) unsigned NOT NULL AUTO_INCREMENT,
  `name` varchar(50) COLLATE utf8_unicode_ci NOT NULL,
  PRIMARY KEY (`id`),
  UNIQUE KEY `name` (`name`)
) ENGINE=InnoDB AUTO_INCREMENT=3 DEFAULT CHARSET=utf8 COLLATE=utf8_unicode_ci;

INSERT INTO `family_statuses` (`id`, `name`) VALUES (2, 'Married');
INSERT INTO `family_statuses` (`id`, `name`) VALUES (1, 'Single');


#
# TABLE STRUCTURE FOR: friendship
#

DROP TABLE IF EXISTS `friendship`;

CREATE TABLE `friendship` (
  `user_id` int(10) unsigned NOT NULL,
  `friend_id` int(10) unsigned NOT NULL,
  `status_id` int(10) unsigned NOT NULL,
  `requested_at` datetime DEFAULT current_timestamp(),
  `confirmed_at` datetime DEFAULT NULL,
  PRIMARY KEY (`user_id`,`friend_id`)
) ENGINE=InnoDB DEFAULT CHARSET=utf8 COLLATE=utf8_unicode_ci;

INSERT INTO `friendship` (`user_id`, `friend_id`, `status_id`, `requested_at`, `confirmed_at`) VALUES (1, 40, 2, '1972-04-13 15:05:36', '2010-02-04 19:09:04');
INSERT INTO `friendship` (`user_id`, `friend_id`, `status_id`, `requested_at`, `confirmed_at`) VALUES (2, 84, 1, '1987-11-12 18:10:04', '2002-05-18 14:36:20');
INSERT INTO `friendship` (`user_id`, `friend_id`, `status_id`, `requested_at`, `confirmed_at`) VALUES (3, 42, 2, '1990-02-09 10:00:59', '2009-01-22 00:34:42');
INSERT INTO `friendship` (`user_id`, `friend_id`, `status_id`, `requested_at`, `confirmed_at`) VALUES (4, 13, 2, '2004-02-13 14:42:03', '1988-02-26 20:35:26');
INSERT INTO `friendship` (`user_id`, `friend_id`, `status_id`, `requested_at`, `confirmed_at`) VALUES (5, 67, 2, '1999-05-23 05:55:42', '1998-02-09 17:37:13');
INSERT INTO `friendship` (`user_id`, `friend_id`, `status_id`, `requested_at`, `confirmed_at`) VALUES (6, 63, 1, '1993-06-13 10:02:17', '1970-07-27 22:53:31');
INSERT INTO `friendship` (`user_id`, `friend_id`, `status_id`, `requested_at`, `confirmed_at`) VALUES (7, 55, 2, '1982-07-26 02:48:36', '2018-04-27 03:18:04');
INSERT INTO `friendship` (`user_id`, `friend_id`, `status_id`, `requested_at`, `confirmed_at`) VALUES (8, 36, 1, '1987-07-30 17:16:24', '1988-08-17 03:04:08');
INSERT INTO `friendship` (`user_id`, `friend_id`, `status_id`, `requested_at`, `confirmed_at`) VALUES (9, 21, 2, '2009-11-07 18:18:15', '1981-05-29 21:28:38');
INSERT INTO `friendship` (`user_id`, `friend_id`, `status_id`, `requested_at`, `confirmed_at`) VALUES (10, 74, 2, '1987-07-10 07:36:18', '1973-11-15 20:25:45');
INSERT INTO `friendship` (`user_id`, `friend_id`, `status_id`, `requested_at`, `confirmed_at`) VALUES (11, 94, 2, '1972-04-01 22:40:43', '2014-08-13 18:32:10');
INSERT INTO `friendship` (`user_id`, `friend_id`, `status_id`, `requested_at`, `confirmed_at`) VALUES (12, 85, 2, '1973-02-02 14:05:21', '1993-08-28 17:05:13');
INSERT INTO `friendship` (`user_id`, `friend_id`, `status_id`, `requested_at`, `confirmed_at`) VALUES (13, 68, 1, '2006-07-21 10:32:39', '2012-09-29 08:47:53');
INSERT INTO `friendship` (`user_id`, `friend_id`, `status_id`, `requested_at`, `confirmed_at`) VALUES (14, 46, 1, '1972-03-05 22:38:35', '1984-09-04 03:48:52');
INSERT INTO `friendship` (`user_id`, `friend_id`, `status_id`, `requested_at`, `confirmed_at`) VALUES (15, 58, 1, '1985-12-13 06:16:55', '2006-11-26 11:06:07');
INSERT INTO `friendship` (`user_id`, `friend_id`, `status_id`, `requested_at`, `confirmed_at`) VALUES (16, 48, 2, '1977-05-05 14:17:50', '1979-11-11 18:27:01');
INSERT INTO `friendship` (`user_id`, `friend_id`, `status_id`, `requested_at`, `confirmed_at`) VALUES (17, 89, 2, '1997-06-03 05:24:07', '1983-08-20 11:50:47');
INSERT INTO `friendship` (`user_id`, `friend_id`, `status_id`, `requested_at`, `confirmed_at`) VALUES (18, 33, 2, '1993-03-15 04:15:15', '1986-01-03 02:31:12');
INSERT INTO `friendship` (`user_id`, `friend_id`, `status_id`, `requested_at`, `confirmed_at`) VALUES (19, 50, 1, '2009-01-02 09:07:44', '2003-09-08 11:06:31');
INSERT INTO `friendship` (`user_id`, `friend_id`, `status_id`, `requested_at`, `confirmed_at`) VALUES (20, 59, 1, '2003-11-14 04:13:09', '2016-12-02 23:40:01');
INSERT INTO `friendship` (`user_id`, `friend_id`, `status_id`, `requested_at`, `confirmed_at`) VALUES (21, 61, 1, '2003-02-01 18:45:12', '1985-07-24 21:47:09');
INSERT INTO `friendship` (`user_id`, `friend_id`, `status_id`, `requested_at`, `confirmed_at`) VALUES (22, 65, 1, '2013-07-06 20:26:07', '2007-12-08 05:01:18');
INSERT INTO `friendship` (`user_id`, `friend_id`, `status_id`, `requested_at`, `confirmed_at`) VALUES (23, 79, 2, '1982-12-21 16:59:45', '1982-12-25 11:19:33');
INSERT INTO `friendship` (`user_id`, `friend_id`, `status_id`, `requested_at`, `confirmed_at`) VALUES (24, 16, 1, '2000-11-18 12:18:17', '1986-12-16 17:10:50');
INSERT INTO `friendship` (`user_id`, `friend_id`, `status_id`, `requested_at`, `confirmed_at`) VALUES (25, 72, 1, '2004-12-22 21:30:13', '1976-12-16 12:25:56');
INSERT INTO `friendship` (`user_id`, `friend_id`, `status_id`, `requested_at`, `confirmed_at`) VALUES (26, 66, 1, '1977-03-10 20:17:55', '2001-07-02 12:23:51');
INSERT INTO `friendship` (`user_id`, `friend_id`, `status_id`, `requested_at`, `confirmed_at`) VALUES (27, 49, 1, '1993-03-14 01:24:28', '1979-10-13 17:44:22');
INSERT INTO `friendship` (`user_id`, `friend_id`, `status_id`, `requested_at`, `confirmed_at`) VALUES (28, 54, 1, '1972-07-14 05:39:16', '1990-04-06 22:11:54');
INSERT INTO `friendship` (`user_id`, `friend_id`, `status_id`, `requested_at`, `confirmed_at`) VALUES (29, 57, 1, '1981-07-02 09:23:43', '2005-01-08 05:57:47');
INSERT INTO `friendship` (`user_id`, `friend_id`, `status_id`, `requested_at`, `confirmed_at`) VALUES (30, 70, 1, '2005-12-27 19:52:33', '2016-12-18 01:46:24');
INSERT INTO `friendship` (`user_id`, `friend_id`, `status_id`, `requested_at`, `confirmed_at`) VALUES (31, 87, 1, '1998-08-09 03:56:19', '2004-04-15 15:42:12');
INSERT INTO `friendship` (`user_id`, `friend_id`, `status_id`, `requested_at`, `confirmed_at`) VALUES (32, 39, 2, '1972-05-12 20:05:29', '1993-01-03 00:24:20');
INSERT INTO `friendship` (`user_id`, `friend_id`, `status_id`, `requested_at`, `confirmed_at`) VALUES (33, 30, 2, '1972-10-03 00:59:34', '2018-07-31 09:15:50');
INSERT INTO `friendship` (`user_id`, `friend_id`, `status_id`, `requested_at`, `confirmed_at`) VALUES (34, 69, 2, '1999-07-10 04:56:20', '1986-12-28 03:38:48');
INSERT INTO `friendship` (`user_id`, `friend_id`, `status_id`, `requested_at`, `confirmed_at`) VALUES (35, 83, 1, '1997-08-21 22:15:11', '2011-05-24 03:47:36');
INSERT INTO `friendship` (`user_id`, `friend_id`, `status_id`, `requested_at`, `confirmed_at`) VALUES (36, 97, 2, '2001-02-21 02:49:21', '2010-04-06 12:29:28');
INSERT INTO `friendship` (`user_id`, `friend_id`, `status_id`, `requested_at`, `confirmed_at`) VALUES (37, 56, 1, '2017-05-25 15:33:40', '2004-07-30 09:53:51');
INSERT INTO `friendship` (`user_id`, `friend_id`, `status_id`, `requested_at`, `confirmed_at`) VALUES (38, 34, 2, '1998-10-19 22:56:24', '2010-01-11 04:49:37');
INSERT INTO `friendship` (`user_id`, `friend_id`, `status_id`, `requested_at`, `confirmed_at`) VALUES (39, 51, 2, '1998-09-25 15:09:27', '2005-10-21 12:46:22');
INSERT INTO `friendship` (`user_id`, `friend_id`, `status_id`, `requested_at`, `confirmed_at`) VALUES (40, 29, 2, '1993-04-28 14:38:53', '2014-10-07 08:50:29');
INSERT INTO `friendship` (`user_id`, `friend_id`, `status_id`, `requested_at`, `confirmed_at`) VALUES (41, 22, 2, '1994-01-24 16:35:45', '2003-10-28 14:48:19');
INSERT INTO `friendship` (`user_id`, `friend_id`, `status_id`, `requested_at`, `confirmed_at`) VALUES (42, 99, 1, '1986-02-02 14:07:39', '1982-08-20 23:30:22');
INSERT INTO `friendship` (`user_id`, `friend_id`, `status_id`, `requested_at`, `confirmed_at`) VALUES (43, 60, 2, '1982-12-01 11:29:50', '1981-11-25 22:36:49');
INSERT INTO `friendship` (`user_id`, `friend_id`, `status_id`, `requested_at`, `confirmed_at`) VALUES (44, 75, 2, '2017-08-28 11:47:31', '2008-05-09 15:37:21');
INSERT INTO `friendship` (`user_id`, `friend_id`, `status_id`, `requested_at`, `confirmed_at`) VALUES (45, 38, 1, '1994-11-18 19:46:19', '1996-08-06 03:08:25');
INSERT INTO `friendship` (`user_id`, `friend_id`, `status_id`, `requested_at`, `confirmed_at`) VALUES (46, 25, 2, '1992-05-12 02:48:36', '2017-11-28 19:49:30');
INSERT INTO `friendship` (`user_id`, `friend_id`, `status_id`, `requested_at`, `confirmed_at`) VALUES (47, 71, 1, '2018-06-05 21:03:10', '1987-02-08 03:51:03');
INSERT INTO `friendship` (`user_id`, `friend_id`, `status_id`, `requested_at`, `confirmed_at`) VALUES (48, 6, 1, '1995-07-06 13:39:01', '2014-02-07 23:15:40');
INSERT INTO `friendship` (`user_id`, `friend_id`, `status_id`, `requested_at`, `confirmed_at`) VALUES (49, 32, 2, '1981-10-29 06:52:32', '1984-02-02 04:36:34');
INSERT INTO `friendship` (`user_id`, `friend_id`, `status_id`, `requested_at`, `confirmed_at`) VALUES (50, 44, 2, '1987-12-20 04:37:40', '2012-02-29 17:50:37');
INSERT INTO `friendship` (`user_id`, `friend_id`, `status_id`, `requested_at`, `confirmed_at`) VALUES (51, 96, 1, '2002-10-04 10:17:56', '1991-09-19 14:26:47');
INSERT INTO `friendship` (`user_id`, `friend_id`, `status_id`, `requested_at`, `confirmed_at`) VALUES (52, 53, 2, '2010-06-14 00:40:56', '1971-05-14 13:54:32');
INSERT INTO `friendship` (`user_id`, `friend_id`, `status_id`, `requested_at`, `confirmed_at`) VALUES (53, 1, 2, '1972-12-11 14:05:08', '2009-06-15 13:53:42');
INSERT INTO `friendship` (`user_id`, `friend_id`, `status_id`, `requested_at`, `confirmed_at`) VALUES (54, 27, 1, '1992-08-04 13:55:36', '2011-08-24 05:24:56');
INSERT INTO `friendship` (`user_id`, `friend_id`, `status_id`, `requested_at`, `confirmed_at`) VALUES (55, 37, 1, '1970-08-11 18:45:13', '2014-09-14 19:20:00');
INSERT INTO `friendship` (`user_id`, `friend_id`, `status_id`, `requested_at`, `confirmed_at`) VALUES (56, 73, 1, '1979-07-04 17:23:14', '1996-08-03 08:12:28');
INSERT INTO `friendship` (`user_id`, `friend_id`, `status_id`, `requested_at`, `confirmed_at`) VALUES (57, 78, 1, '1993-02-14 13:13:47', '2005-03-23 11:47:51');
INSERT INTO `friendship` (`user_id`, `friend_id`, `status_id`, `requested_at`, `confirmed_at`) VALUES (58, 9, 2, '2019-03-25 14:25:56', '1980-09-08 09:39:20');
INSERT INTO `friendship` (`user_id`, `friend_id`, `status_id`, `requested_at`, `confirmed_at`) VALUES (59, 45, 1, '2004-06-12 08:38:39', '1973-03-09 02:35:05');
INSERT INTO `friendship` (`user_id`, `friend_id`, `status_id`, `requested_at`, `confirmed_at`) VALUES (60, 82, 2, '1992-08-20 07:53:14', '2010-08-20 10:21:20');
INSERT INTO `friendship` (`user_id`, `friend_id`, `status_id`, `requested_at`, `confirmed_at`) VALUES (61, 100, 1, '1983-11-05 20:11:00', '2018-08-04 07:28:54');
INSERT INTO `friendship` (`user_id`, `friend_id`, `status_id`, `requested_at`, `confirmed_at`) VALUES (62, 24, 2, '1971-02-17 12:44:28', '1990-11-06 06:03:41');
INSERT INTO `friendship` (`user_id`, `friend_id`, `status_id`, `requested_at`, `confirmed_at`) VALUES (63, 28, 1, '2002-10-24 07:56:19', '1981-07-30 10:59:50');
INSERT INTO `friendship` (`user_id`, `friend_id`, `status_id`, `requested_at`, `confirmed_at`) VALUES (64, 15, 1, '2018-08-01 11:37:00', '1984-09-14 13:58:58');
INSERT INTO `friendship` (`user_id`, `friend_id`, `status_id`, `requested_at`, `confirmed_at`) VALUES (65, 64, 2, '2017-05-01 16:12:59', '1973-06-10 09:06:27');
INSERT INTO `friendship` (`user_id`, `friend_id`, `status_id`, `requested_at`, `confirmed_at`) VALUES (66, 98, 1, '1997-08-12 14:19:06', '1988-12-05 02:46:16');
INSERT INTO `friendship` (`user_id`, `friend_id`, `status_id`, `requested_at`, `confirmed_at`) VALUES (67, 62, 2, '1983-06-22 23:30:48', '2017-01-20 18:44:55');
INSERT INTO `friendship` (`user_id`, `friend_id`, `status_id`, `requested_at`, `confirmed_at`) VALUES (68, 14, 2, '2006-02-08 22:38:41', '1971-04-17 03:19:09');
INSERT INTO `friendship` (`user_id`, `friend_id`, `status_id`, `requested_at`, `confirmed_at`) VALUES (69, 35, 2, '2014-06-24 06:39:46', '1994-09-13 08:30:05');
INSERT INTO `friendship` (`user_id`, `friend_id`, `status_id`, `requested_at`, `confirmed_at`) VALUES (70, 2, 2, '1971-09-07 19:18:07', '1993-01-21 08:24:39');
INSERT INTO `friendship` (`user_id`, `friend_id`, `status_id`, `requested_at`, `confirmed_at`) VALUES (71, 20, 2, '2014-09-25 19:06:22', '2000-08-04 03:39:25');
INSERT INTO `friendship` (`user_id`, `friend_id`, `status_id`, `requested_at`, `confirmed_at`) VALUES (72, 93, 1, '1970-10-13 00:41:26', '2010-05-26 17:09:54');
INSERT INTO `friendship` (`user_id`, `friend_id`, `status_id`, `requested_at`, `confirmed_at`) VALUES (73, 7, 2, '1975-09-05 23:40:24', '1989-01-24 14:47:03');
INSERT INTO `friendship` (`user_id`, `friend_id`, `status_id`, `requested_at`, `confirmed_at`) VALUES (74, 77, 1, '2019-02-27 23:04:59', '2008-07-27 11:55:48');
INSERT INTO `friendship` (`user_id`, `friend_id`, `status_id`, `requested_at`, `confirmed_at`) VALUES (75, 3, 2, '2009-03-22 13:19:17', '1996-08-23 23:11:15');
INSERT INTO `friendship` (`user_id`, `friend_id`, `status_id`, `requested_at`, `confirmed_at`) VALUES (76, 91, 2, '1997-03-06 15:06:26', '2008-03-12 20:03:53');
INSERT INTO `friendship` (`user_id`, `friend_id`, `status_id`, `requested_at`, `confirmed_at`) VALUES (77, 90, 1, '1970-05-14 04:18:23', '2010-09-08 06:01:06');
INSERT INTO `friendship` (`user_id`, `friend_id`, `status_id`, `requested_at`, `confirmed_at`) VALUES (78, 5, 1, '1979-09-24 05:27:46', '1985-01-28 04:28:02');
INSERT INTO `friendship` (`user_id`, `friend_id`, `status_id`, `requested_at`, `confirmed_at`) VALUES (79, 12, 1, '1976-01-15 15:37:20', '1971-11-26 06:44:42');
INSERT INTO `friendship` (`user_id`, `friend_id`, `status_id`, `requested_at`, `confirmed_at`) VALUES (80, 17, 1, '1984-10-06 16:12:07', '2007-11-09 15:14:28');
INSERT INTO `friendship` (`user_id`, `friend_id`, `status_id`, `requested_at`, `confirmed_at`) VALUES (81, 88, 1, '1995-09-26 17:04:40', '1975-12-27 15:33:54');
INSERT INTO `friendship` (`user_id`, `friend_id`, `status_id`, `requested_at`, `confirmed_at`) VALUES (82, 76, 2, '1981-09-26 10:27:08', '1988-09-29 02:23:02');
INSERT INTO `friendship` (`user_id`, `friend_id`, `status_id`, `requested_at`, `confirmed_at`) VALUES (83, 81, 2, '2001-06-29 22:37:37', '1990-06-30 20:47:08');
INSERT INTO `friendship` (`user_id`, `friend_id`, `status_id`, `requested_at`, `confirmed_at`) VALUES (84, 19, 1, '2015-12-20 08:23:00', '1987-03-08 09:15:16');
INSERT INTO `friendship` (`user_id`, `friend_id`, `status_id`, `requested_at`, `confirmed_at`) VALUES (85, 26, 1, '1977-01-31 15:21:55', '2007-01-12 22:12:07');
INSERT INTO `friendship` (`user_id`, `friend_id`, `status_id`, `requested_at`, `confirmed_at`) VALUES (86, 47, 2, '1974-11-14 03:20:12', '2011-10-31 04:15:26');
INSERT INTO `friendship` (`user_id`, `friend_id`, `status_id`, `requested_at`, `confirmed_at`) VALUES (87, 86, 2, '2007-02-01 18:14:15', '1977-07-19 07:46:59');
INSERT INTO `friendship` (`user_id`, `friend_id`, `status_id`, `requested_at`, `confirmed_at`) VALUES (88, 10, 1, '2015-07-15 14:00:37', '1999-06-28 15:18:18');
INSERT INTO `friendship` (`user_id`, `friend_id`, `status_id`, `requested_at`, `confirmed_at`) VALUES (89, 92, 1, '2012-09-02 00:32:18', '2019-08-28 14:48:22');
INSERT INTO `friendship` (`user_id`, `friend_id`, `status_id`, `requested_at`, `confirmed_at`) VALUES (90, 23, 1, '1978-05-24 12:54:42', '2008-08-18 19:59:23');
INSERT INTO `friendship` (`user_id`, `friend_id`, `status_id`, `requested_at`, `confirmed_at`) VALUES (91, 4, 2, '1996-01-13 18:14:03', '1972-02-15 03:25:22');
INSERT INTO `friendship` (`user_id`, `friend_id`, `status_id`, `requested_at`, `confirmed_at`) VALUES (92, 41, 1, '1981-09-23 02:12:01', '2002-02-23 02:22:33');
INSERT INTO `friendship` (`user_id`, `friend_id`, `status_id`, `requested_at`, `confirmed_at`) VALUES (93, 18, 1, '1976-02-05 15:48:30', '2014-07-15 02:35:27');
INSERT INTO `friendship` (`user_id`, `friend_id`, `status_id`, `requested_at`, `confirmed_at`) VALUES (94, 31, 2, '2017-02-16 08:54:33', '1973-10-10 21:42:18');
INSERT INTO `friendship` (`user_id`, `friend_id`, `status_id`, `requested_at`, `confirmed_at`) VALUES (95, 52, 2, '1972-05-10 06:00:32', '1975-05-28 07:15:39');
INSERT INTO `friendship` (`user_id`, `friend_id`, `status_id`, `requested_at`, `confirmed_at`) VALUES (96, 43, 1, '2018-10-25 15:03:27', '1986-11-11 06:47:07');
INSERT INTO `friendship` (`user_id`, `friend_id`, `status_id`, `requested_at`, `confirmed_at`) VALUES (97, 95, 2, '1983-04-11 08:36:45', '1977-01-02 04:45:40');
INSERT INTO `friendship` (`user_id`, `friend_id`, `status_id`, `requested_at`, `confirmed_at`) VALUES (98, 11, 2, '2013-11-21 23:05:05', '1978-07-27 12:04:15');
INSERT INTO `friendship` (`user_id`, `friend_id`, `status_id`, `requested_at`, `confirmed_at`) VALUES (99, 80, 1, '1978-09-18 20:49:09', '1998-09-24 05:00:17');
INSERT INTO `friendship` (`user_id`, `friend_id`, `status_id`, `requested_at`, `confirmed_at`) VALUES (100, 8, 2, '1999-08-04 07:05:15', '1983-04-03 00:48:09');


#
# TABLE STRUCTURE FOR: friendship_statuses
#

DROP TABLE IF EXISTS `friendship_statuses`;

CREATE TABLE `friendship_statuses` (
  `id` int(10) unsigned NOT NULL AUTO_INCREMENT,
  `name` varchar(150) COLLATE utf8_unicode_ci NOT NULL,
  PRIMARY KEY (`id`),
  UNIQUE KEY `name` (`name`)
) ENGINE=InnoDB AUTO_INCREMENT=3 DEFAULT CHARSET=utf8 COLLATE=utf8_unicode_ci;

INSERT INTO `friendship_statuses` (`id`, `name`) VALUES (2, 'm');
INSERT INTO `friendship_statuses` (`id`, `name`) VALUES (1, 'v');


#
# TABLE STRUCTURE FOR: likes
#

DROP TABLE IF EXISTS `likes`;

CREATE TABLE `likes` (
  `id` int(10) unsigned NOT NULL AUTO_INCREMENT,
  `author_id` int(10) unsigned NOT NULL,
  `id_type_content_like` int(10) unsigned NOT NULL,
  `created_at` datetime DEFAULT current_timestamp(),
  `updated_at` datetime DEFAULT current_timestamp() ON UPDATE current_timestamp(),
  PRIMARY KEY (`id`)
) ENGINE=InnoDB AUTO_INCREMENT=101 DEFAULT CHARSET=utf8 COLLATE=utf8_unicode_ci;

INSERT INTO `likes` (`id`, `author_id`, `id_type_content_like`, `created_at`, `updated_at`) VALUES (1, 69, 1, '1972-12-29 01:33:07', '1987-12-07 15:43:42');
INSERT INTO `likes` (`id`, `author_id`, `id_type_content_like`, `created_at`, `updated_at`) VALUES (2, 18, 0, '1988-09-13 07:51:28', '1996-08-27 12:40:22');
INSERT INTO `likes` (`id`, `author_id`, `id_type_content_like`, `created_at`, `updated_at`) VALUES (3, 51, 3, '2000-01-13 05:17:01', '2011-10-30 15:58:04');
INSERT INTO `likes` (`id`, `author_id`, `id_type_content_like`, `created_at`, `updated_at`) VALUES (4, 44, 0, '2014-01-16 04:07:50', '1995-01-17 02:30:22');
INSERT INTO `likes` (`id`, `author_id`, `id_type_content_like`, `created_at`, `updated_at`) VALUES (5, 21, 0, '1972-10-02 22:59:22', '1989-07-08 08:13:39');
INSERT INTO `likes` (`id`, `author_id`, `id_type_content_like`, `created_at`, `updated_at`) VALUES (6, 28, 0, '2004-11-14 01:25:40', '1970-05-29 23:41:55');
INSERT INTO `likes` (`id`, `author_id`, `id_type_content_like`, `created_at`, `updated_at`) VALUES (7, 7, 3, '1980-06-21 20:56:32', '1986-07-08 15:38:10');
INSERT INTO `likes` (`id`, `author_id`, `id_type_content_like`, `created_at`, `updated_at`) VALUES (8, 35, 1, '2014-09-27 07:35:44', '1975-05-20 09:38:27');
INSERT INTO `likes` (`id`, `author_id`, `id_type_content_like`, `created_at`, `updated_at`) VALUES (9, 25, 3, '2015-01-21 00:13:39', '2014-07-26 10:27:17');
INSERT INTO `likes` (`id`, `author_id`, `id_type_content_like`, `created_at`, `updated_at`) VALUES (10, 61, 2, '1975-11-28 07:19:44', '1980-06-25 13:55:53');
INSERT INTO `likes` (`id`, `author_id`, `id_type_content_like`, `created_at`, `updated_at`) VALUES (11, 52, 3, '1986-02-11 14:43:00', '1993-06-30 14:54:47');
INSERT INTO `likes` (`id`, `author_id`, `id_type_content_like`, `created_at`, `updated_at`) VALUES (12, 43, 2, '2009-10-22 02:57:47', '1982-09-26 17:33:50');
INSERT INTO `likes` (`id`, `author_id`, `id_type_content_like`, `created_at`, `updated_at`) VALUES (13, 21, 2, '1975-04-12 16:31:03', '2002-10-28 17:38:03');
INSERT INTO `likes` (`id`, `author_id`, `id_type_content_like`, `created_at`, `updated_at`) VALUES (14, 99, 0, '1998-09-29 06:02:44', '1991-04-04 15:04:26');
INSERT INTO `likes` (`id`, `author_id`, `id_type_content_like`, `created_at`, `updated_at`) VALUES (15, 59, 0, '1971-10-01 19:16:56', '1994-01-17 20:31:56');
INSERT INTO `likes` (`id`, `author_id`, `id_type_content_like`, `created_at`, `updated_at`) VALUES (16, 43, 1, '1993-06-10 15:05:33', '2009-05-02 11:24:19');
INSERT INTO `likes` (`id`, `author_id`, `id_type_content_like`, `created_at`, `updated_at`) VALUES (17, 26, 1, '1980-01-19 04:16:30', '2006-08-31 02:20:37');
INSERT INTO `likes` (`id`, `author_id`, `id_type_content_like`, `created_at`, `updated_at`) VALUES (18, 72, 0, '2009-03-28 17:51:52', '1971-02-10 10:37:07');
INSERT INTO `likes` (`id`, `author_id`, `id_type_content_like`, `created_at`, `updated_at`) VALUES (19, 52, 2, '2002-08-04 06:23:30', '1980-02-02 00:13:58');
INSERT INTO `likes` (`id`, `author_id`, `id_type_content_like`, `created_at`, `updated_at`) VALUES (20, 32, 3, '1971-09-14 05:51:37', '2015-03-27 16:20:16');
INSERT INTO `likes` (`id`, `author_id`, `id_type_content_like`, `created_at`, `updated_at`) VALUES (21, 41, 1, '1983-09-17 15:17:08', '2004-01-09 15:43:44');
INSERT INTO `likes` (`id`, `author_id`, `id_type_content_like`, `created_at`, `updated_at`) VALUES (22, 26, 3, '1984-11-24 00:45:23', '2009-11-30 16:11:40');
INSERT INTO `likes` (`id`, `author_id`, `id_type_content_like`, `created_at`, `updated_at`) VALUES (23, 56, 2, '2000-10-18 04:36:25', '2003-08-03 11:45:15');
INSERT INTO `likes` (`id`, `author_id`, `id_type_content_like`, `created_at`, `updated_at`) VALUES (24, 64, 1, '1978-06-09 00:17:16', '2016-07-30 16:49:50');
INSERT INTO `likes` (`id`, `author_id`, `id_type_content_like`, `created_at`, `updated_at`) VALUES (25, 71, 3, '2010-12-04 15:36:07', '2009-04-04 12:22:12');
INSERT INTO `likes` (`id`, `author_id`, `id_type_content_like`, `created_at`, `updated_at`) VALUES (26, 26, 2, '1981-07-16 13:26:07', '2002-05-11 21:44:29');
INSERT INTO `likes` (`id`, `author_id`, `id_type_content_like`, `created_at`, `updated_at`) VALUES (27, 11, 1, '2001-07-05 04:30:23', '1996-03-08 01:57:47');
INSERT INTO `likes` (`id`, `author_id`, `id_type_content_like`, `created_at`, `updated_at`) VALUES (28, 72, 3, '2015-12-02 00:13:57', '2001-10-13 19:27:14');
INSERT INTO `likes` (`id`, `author_id`, `id_type_content_like`, `created_at`, `updated_at`) VALUES (29, 10, 0, '1972-12-26 22:34:01', '2002-07-16 18:30:03');
INSERT INTO `likes` (`id`, `author_id`, `id_type_content_like`, `created_at`, `updated_at`) VALUES (30, 41, 1, '2006-09-10 18:05:23', '1973-06-19 09:24:25');
INSERT INTO `likes` (`id`, `author_id`, `id_type_content_like`, `created_at`, `updated_at`) VALUES (31, 81, 2, '1973-03-28 04:42:36', '1976-07-01 21:18:14');
INSERT INTO `likes` (`id`, `author_id`, `id_type_content_like`, `created_at`, `updated_at`) VALUES (32, 14, 1, '1972-01-26 23:13:32', '1991-05-02 02:21:35');
INSERT INTO `likes` (`id`, `author_id`, `id_type_content_like`, `created_at`, `updated_at`) VALUES (33, 48, 2, '1989-01-09 07:19:49', '1992-04-29 05:05:40');
INSERT INTO `likes` (`id`, `author_id`, `id_type_content_like`, `created_at`, `updated_at`) VALUES (34, 20, 1, '2010-10-21 15:01:49', '1974-01-15 08:58:19');
INSERT INTO `likes` (`id`, `author_id`, `id_type_content_like`, `created_at`, `updated_at`) VALUES (35, 28, 2, '1988-04-21 19:09:30', '1983-05-22 06:20:34');
INSERT INTO `likes` (`id`, `author_id`, `id_type_content_like`, `created_at`, `updated_at`) VALUES (36, 26, 1, '2003-11-03 00:59:54', '2019-06-13 11:30:13');
INSERT INTO `likes` (`id`, `author_id`, `id_type_content_like`, `created_at`, `updated_at`) VALUES (37, 21, 3, '1998-07-25 20:15:49', '1988-07-20 03:31:38');
INSERT INTO `likes` (`id`, `author_id`, `id_type_content_like`, `created_at`, `updated_at`) VALUES (38, 58, 3, '1973-07-06 04:46:29', '2002-06-04 13:13:05');
INSERT INTO `likes` (`id`, `author_id`, `id_type_content_like`, `created_at`, `updated_at`) VALUES (39, 90, 2, '1987-05-20 14:37:05', '1998-05-23 13:32:27');
INSERT INTO `likes` (`id`, `author_id`, `id_type_content_like`, `created_at`, `updated_at`) VALUES (40, 11, 0, '2013-07-28 14:52:47', '2009-01-21 23:43:24');
INSERT INTO `likes` (`id`, `author_id`, `id_type_content_like`, `created_at`, `updated_at`) VALUES (41, 23, 1, '1971-10-10 11:39:24', '2008-10-10 01:45:57');
INSERT INTO `likes` (`id`, `author_id`, `id_type_content_like`, `created_at`, `updated_at`) VALUES (42, 32, 0, '1981-05-22 01:44:01', '2004-11-27 08:05:34');
INSERT INTO `likes` (`id`, `author_id`, `id_type_content_like`, `created_at`, `updated_at`) VALUES (43, 57, 2, '2014-06-23 16:22:46', '1980-03-05 08:53:11');
INSERT INTO `likes` (`id`, `author_id`, `id_type_content_like`, `created_at`, `updated_at`) VALUES (44, 25, 3, '1985-03-08 15:42:19', '1992-01-15 00:26:30');
INSERT INTO `likes` (`id`, `author_id`, `id_type_content_like`, `created_at`, `updated_at`) VALUES (45, 12, 0, '1976-02-15 19:41:16', '2002-04-01 23:41:10');
INSERT INTO `likes` (`id`, `author_id`, `id_type_content_like`, `created_at`, `updated_at`) VALUES (46, 65, 2, '1987-04-19 17:10:47', '1987-09-11 05:32:50');
INSERT INTO `likes` (`id`, `author_id`, `id_type_content_like`, `created_at`, `updated_at`) VALUES (47, 61, 3, '1993-06-29 18:51:04', '2016-08-14 13:20:21');
INSERT INTO `likes` (`id`, `author_id`, `id_type_content_like`, `created_at`, `updated_at`) VALUES (48, 5, 1, '2015-04-29 07:11:16', '1977-02-05 02:52:01');
INSERT INTO `likes` (`id`, `author_id`, `id_type_content_like`, `created_at`, `updated_at`) VALUES (49, 0, 0, '2001-12-28 16:54:42', '2000-04-16 17:31:52');
INSERT INTO `likes` (`id`, `author_id`, `id_type_content_like`, `created_at`, `updated_at`) VALUES (50, 90, 3, '2006-12-06 22:07:53', '2015-11-28 13:20:48');
INSERT INTO `likes` (`id`, `author_id`, `id_type_content_like`, `created_at`, `updated_at`) VALUES (51, 52, 0, '2015-09-04 20:57:41', '1983-03-28 08:39:02');
INSERT INTO `likes` (`id`, `author_id`, `id_type_content_like`, `created_at`, `updated_at`) VALUES (52, 88, 2, '1973-04-12 10:56:34', '2009-08-21 07:45:10');
INSERT INTO `likes` (`id`, `author_id`, `id_type_content_like`, `created_at`, `updated_at`) VALUES (53, 23, 1, '1979-03-24 12:59:30', '2003-12-19 02:05:30');
INSERT INTO `likes` (`id`, `author_id`, `id_type_content_like`, `created_at`, `updated_at`) VALUES (54, 43, 1, '2019-01-17 04:43:32', '2007-04-14 18:10:19');
INSERT INTO `likes` (`id`, `author_id`, `id_type_content_like`, `created_at`, `updated_at`) VALUES (55, 1, 1, '2008-04-07 15:25:22', '2007-03-12 03:47:41');
INSERT INTO `likes` (`id`, `author_id`, `id_type_content_like`, `created_at`, `updated_at`) VALUES (56, 26, 3, '1986-01-19 12:09:13', '1990-09-17 14:58:44');
INSERT INTO `likes` (`id`, `author_id`, `id_type_content_like`, `created_at`, `updated_at`) VALUES (57, 61, 3, '2017-08-10 03:00:03', '1999-02-26 17:43:44');
INSERT INTO `likes` (`id`, `author_id`, `id_type_content_like`, `created_at`, `updated_at`) VALUES (58, 13, 2, '2009-12-08 03:22:04', '1999-05-12 02:27:08');
INSERT INTO `likes` (`id`, `author_id`, `id_type_content_like`, `created_at`, `updated_at`) VALUES (59, 37, 3, '1975-04-25 07:23:19', '2018-09-04 15:37:13');
INSERT INTO `likes` (`id`, `author_id`, `id_type_content_like`, `created_at`, `updated_at`) VALUES (60, 5, 1, '1985-05-12 09:38:57', '2012-02-27 19:06:38');
INSERT INTO `likes` (`id`, `author_id`, `id_type_content_like`, `created_at`, `updated_at`) VALUES (61, 41, 2, '2002-01-02 21:22:09', '1987-08-26 18:07:18');
INSERT INTO `likes` (`id`, `author_id`, `id_type_content_like`, `created_at`, `updated_at`) VALUES (62, 57, 3, '2015-08-13 07:24:50', '2012-03-26 09:15:49');
INSERT INTO `likes` (`id`, `author_id`, `id_type_content_like`, `created_at`, `updated_at`) VALUES (63, 28, 3, '2002-04-15 06:52:46', '2011-07-30 01:10:06');
INSERT INTO `likes` (`id`, `author_id`, `id_type_content_like`, `created_at`, `updated_at`) VALUES (64, 94, 2, '2005-12-22 02:15:57', '2018-06-02 22:06:02');
INSERT INTO `likes` (`id`, `author_id`, `id_type_content_like`, `created_at`, `updated_at`) VALUES (65, 75, 2, '2006-09-11 10:46:49', '1995-01-17 22:41:04');
INSERT INTO `likes` (`id`, `author_id`, `id_type_content_like`, `created_at`, `updated_at`) VALUES (66, 25, 3, '2010-12-05 18:00:35', '1996-10-16 03:46:26');
INSERT INTO `likes` (`id`, `author_id`, `id_type_content_like`, `created_at`, `updated_at`) VALUES (67, 19, 3, '2009-03-31 04:14:35', '1983-01-02 10:11:47');
INSERT INTO `likes` (`id`, `author_id`, `id_type_content_like`, `created_at`, `updated_at`) VALUES (68, 97, 0, '1989-01-07 12:10:18', '1976-06-23 22:47:19');
INSERT INTO `likes` (`id`, `author_id`, `id_type_content_like`, `created_at`, `updated_at`) VALUES (69, 20, 0, '1981-05-04 19:29:35', '1973-02-17 20:14:51');
INSERT INTO `likes` (`id`, `author_id`, `id_type_content_like`, `created_at`, `updated_at`) VALUES (70, 76, 1, '1990-09-24 05:02:45', '2013-06-25 17:14:15');
INSERT INTO `likes` (`id`, `author_id`, `id_type_content_like`, `created_at`, `updated_at`) VALUES (71, 14, 2, '2020-01-10 19:03:17', '1992-03-13 10:11:17');
INSERT INTO `likes` (`id`, `author_id`, `id_type_content_like`, `created_at`, `updated_at`) VALUES (72, 82, 3, '1985-02-26 14:55:33', '1972-07-11 06:46:51');
INSERT INTO `likes` (`id`, `author_id`, `id_type_content_like`, `created_at`, `updated_at`) VALUES (73, 49, 1, '2013-08-09 16:37:22', '1984-01-06 19:21:11');
INSERT INTO `likes` (`id`, `author_id`, `id_type_content_like`, `created_at`, `updated_at`) VALUES (74, 86, 3, '2000-11-21 23:33:33', '2013-03-27 10:45:50');
INSERT INTO `likes` (`id`, `author_id`, `id_type_content_like`, `created_at`, `updated_at`) VALUES (75, 84, 3, '1988-05-30 01:41:11', '2007-07-16 10:40:26');
INSERT INTO `likes` (`id`, `author_id`, `id_type_content_like`, `created_at`, `updated_at`) VALUES (76, 73, 1, '2013-05-26 01:35:18', '2019-01-21 11:48:54');
INSERT INTO `likes` (`id`, `author_id`, `id_type_content_like`, `created_at`, `updated_at`) VALUES (77, 8, 3, '1990-05-24 09:22:14', '2014-06-06 23:58:59');
INSERT INTO `likes` (`id`, `author_id`, `id_type_content_like`, `created_at`, `updated_at`) VALUES (78, 25, 2, '1993-09-17 08:21:51', '1977-10-10 22:10:32');
INSERT INTO `likes` (`id`, `author_id`, `id_type_content_like`, `created_at`, `updated_at`) VALUES (79, 78, 3, '2006-11-02 06:10:25', '2004-01-19 15:17:46');
INSERT INTO `likes` (`id`, `author_id`, `id_type_content_like`, `created_at`, `updated_at`) VALUES (80, 47, 0, '1973-07-02 08:38:39', '2002-11-26 12:48:30');
INSERT INTO `likes` (`id`, `author_id`, `id_type_content_like`, `created_at`, `updated_at`) VALUES (81, 46, 3, '2018-01-29 03:16:19', '1988-04-14 07:32:45');
INSERT INTO `likes` (`id`, `author_id`, `id_type_content_like`, `created_at`, `updated_at`) VALUES (82, 32, 2, '2004-05-09 14:02:55', '1990-05-19 00:29:33');
INSERT INTO `likes` (`id`, `author_id`, `id_type_content_like`, `created_at`, `updated_at`) VALUES (83, 12, 3, '1990-02-11 00:20:54', '1982-10-09 10:04:20');
INSERT INTO `likes` (`id`, `author_id`, `id_type_content_like`, `created_at`, `updated_at`) VALUES (84, 97, 3, '2003-01-22 03:08:22', '1996-01-05 03:57:13');
INSERT INTO `likes` (`id`, `author_id`, `id_type_content_like`, `created_at`, `updated_at`) VALUES (85, 60, 3, '1998-05-27 09:42:20', '1994-01-31 13:02:18');
INSERT INTO `likes` (`id`, `author_id`, `id_type_content_like`, `created_at`, `updated_at`) VALUES (86, 79, 3, '1987-07-21 20:41:48', '2006-01-04 14:23:19');
INSERT INTO `likes` (`id`, `author_id`, `id_type_content_like`, `created_at`, `updated_at`) VALUES (87, 63, 2, '1986-03-02 17:33:10', '1995-11-16 10:45:14');
INSERT INTO `likes` (`id`, `author_id`, `id_type_content_like`, `created_at`, `updated_at`) VALUES (88, 53, 0, '1997-09-18 17:22:38', '1971-08-28 23:30:53');
INSERT INTO `likes` (`id`, `author_id`, `id_type_content_like`, `created_at`, `updated_at`) VALUES (89, 87, 1, '2012-10-13 06:31:14', '1971-01-04 10:31:18');
INSERT INTO `likes` (`id`, `author_id`, `id_type_content_like`, `created_at`, `updated_at`) VALUES (90, 10, 2, '1993-03-09 17:08:16', '2012-09-27 11:35:32');
INSERT INTO `likes` (`id`, `author_id`, `id_type_content_like`, `created_at`, `updated_at`) VALUES (91, 28, 0, '1979-10-14 10:16:54', '2014-02-23 04:17:11');
INSERT INTO `likes` (`id`, `author_id`, `id_type_content_like`, `created_at`, `updated_at`) VALUES (92, 98, 0, '2017-07-27 21:55:16', '2006-04-25 21:23:02');
INSERT INTO `likes` (`id`, `author_id`, `id_type_content_like`, `created_at`, `updated_at`) VALUES (93, 18, 0, '1987-08-21 15:50:12', '2013-05-31 01:26:58');
INSERT INTO `likes` (`id`, `author_id`, `id_type_content_like`, `created_at`, `updated_at`) VALUES (94, 25, 3, '1973-08-09 14:20:39', '1995-05-11 08:09:16');
INSERT INTO `likes` (`id`, `author_id`, `id_type_content_like`, `created_at`, `updated_at`) VALUES (95, 83, 3, '2003-12-15 17:27:12', '1991-02-28 11:40:29');
INSERT INTO `likes` (`id`, `author_id`, `id_type_content_like`, `created_at`, `updated_at`) VALUES (96, 98, 2, '2013-06-17 02:37:00', '1985-02-21 14:36:39');
INSERT INTO `likes` (`id`, `author_id`, `id_type_content_like`, `created_at`, `updated_at`) VALUES (97, 38, 0, '1971-01-05 23:44:28', '2001-04-23 06:43:01');
INSERT INTO `likes` (`id`, `author_id`, `id_type_content_like`, `created_at`, `updated_at`) VALUES (98, 100, 3, '1988-07-18 03:29:01', '1981-06-30 01:43:18');
INSERT INTO `likes` (`id`, `author_id`, `id_type_content_like`, `created_at`, `updated_at`) VALUES (99, 89, 0, '1985-07-08 01:59:11', '1978-01-22 15:47:02');
INSERT INTO `likes` (`id`, `author_id`, `id_type_content_like`, `created_at`, `updated_at`) VALUES (100, 24, 0, '2017-09-20 06:08:31', '1990-03-27 21:26:31');


#
# TABLE STRUCTURE FOR: media
#

DROP TABLE IF EXISTS `media`;

CREATE TABLE `media` (
  `id` int(10) unsigned NOT NULL AUTO_INCREMENT,
  `media_type_id` int(10) unsigned NOT NULL,
  `user_id` int(10) unsigned NOT NULL,
  `filename` varchar(255) COLLATE utf8_unicode_ci NOT NULL,
  `size` int(11) NOT NULL,
  `metadata` longtext CHARACTER SET utf8mb4 COLLATE utf8mb4_bin DEFAULT NULL,
  `created_at` datetime DEFAULT current_timestamp(),
  `updated_at` datetime DEFAULT current_timestamp() ON UPDATE current_timestamp(),
  PRIMARY KEY (`id`)
) ENGINE=InnoDB AUTO_INCREMENT=101 DEFAULT CHARSET=utf8 COLLATE=utf8_unicode_ci;

INSERT INTO `media` (`id`, `media_type_id`, `user_id`, `filename`, `size`, `metadata`, `created_at`, `updated_at`) VALUES (1, 1, 87, 'odio', 96, 'http://konopelski.com/', '1980-08-16 07:25:41', '1997-08-18 19:44:22');
INSERT INTO `media` (`id`, `media_type_id`, `user_id`, `filename`, `size`, `metadata`, `created_at`, `updated_at`) VALUES (2, 0, 97, 'soluta', 398567, 'http://simonisnader.org/', '1975-11-16 02:44:07', '2019-05-15 04:00:14');
INSERT INTO `media` (`id`, `media_type_id`, `user_id`, `filename`, `size`, `metadata`, `created_at`, `updated_at`) VALUES (3, 1, 6, 'vitae', 489, 'http://muller.biz/', '1978-04-16 18:29:28', '2012-10-28 01:02:03');
INSERT INTO `media` (`id`, `media_type_id`, `user_id`, `filename`, `size`, `metadata`, `created_at`, `updated_at`) VALUES (4, 0, 75, 'ab', 3385, 'http://www.mayerankunding.com/', '2007-11-30 07:02:07', '1980-12-22 23:44:58');
INSERT INTO `media` (`id`, `media_type_id`, `user_id`, `filename`, `size`, `metadata`, `created_at`, `updated_at`) VALUES (5, 1, 18, 'nulla', 23, 'http://dicki.com/', '1970-02-27 17:28:44', '2006-09-13 08:54:44');
INSERT INTO `media` (`id`, `media_type_id`, `user_id`, `filename`, `size`, `metadata`, `created_at`, `updated_at`) VALUES (6, 3, 12, 'sunt', 35802, 'http://www.rath.net/', '1977-03-26 19:31:01', '1995-09-14 02:51:12');
INSERT INTO `media` (`id`, `media_type_id`, `user_id`, `filename`, `size`, `metadata`, `created_at`, `updated_at`) VALUES (7, 2, 45, 'officiis', 12275860, 'http://koch.info/', '1984-10-26 01:11:20', '2018-08-22 13:52:25');
INSERT INTO `media` (`id`, `media_type_id`, `user_id`, `filename`, `size`, `metadata`, `created_at`, `updated_at`) VALUES (8, 3, 0, 'beatae', 50748806, 'http://johnsonerdman.net/', '1983-07-03 19:14:09', '2017-05-17 16:58:49');
INSERT INTO `media` (`id`, `media_type_id`, `user_id`, `filename`, `size`, `metadata`, `created_at`, `updated_at`) VALUES (9, 2, 22, 'aliquam', 493767383, 'http://www.gibson.biz/', '2014-06-20 11:56:57', '2017-05-12 00:47:50');
INSERT INTO `media` (`id`, `media_type_id`, `user_id`, `filename`, `size`, `metadata`, `created_at`, `updated_at`) VALUES (10, 1, 68, 'autem', 402294, 'http://www.greenholt.info/', '1986-05-21 12:45:27', '1970-02-10 06:24:10');
INSERT INTO `media` (`id`, `media_type_id`, `user_id`, `filename`, `size`, `metadata`, `created_at`, `updated_at`) VALUES (11, 2, 35, 'excepturi', 3, 'http://beahan.net/', '1974-06-18 12:25:23', '1970-06-30 09:46:52');
INSERT INTO `media` (`id`, `media_type_id`, `user_id`, `filename`, `size`, `metadata`, `created_at`, `updated_at`) VALUES (12, 3, 86, 'et', 87, 'http://www.wuckertwalker.com/', '1975-02-12 14:11:26', '1986-03-21 15:06:16');
INSERT INTO `media` (`id`, `media_type_id`, `user_id`, `filename`, `size`, `metadata`, `created_at`, `updated_at`) VALUES (13, 3, 73, 'incidunt', 198841, 'http://www.murphymiller.com/', '1989-06-13 08:10:16', '1970-03-03 02:47:36');
INSERT INTO `media` (`id`, `media_type_id`, `user_id`, `filename`, `size`, `metadata`, `created_at`, `updated_at`) VALUES (14, 3, 54, 'nisi', 14, 'http://www.beahan.biz/', '1973-05-21 13:13:13', '1985-02-06 13:55:27');
INSERT INTO `media` (`id`, `media_type_id`, `user_id`, `filename`, `size`, `metadata`, `created_at`, `updated_at`) VALUES (15, 1, 28, 'dolores', 1, 'http://rau.com/', '2018-06-16 22:02:25', '1997-04-23 10:07:04');
INSERT INTO `media` (`id`, `media_type_id`, `user_id`, `filename`, `size`, `metadata`, `created_at`, `updated_at`) VALUES (16, 1, 48, 'quibusdam', 923116, 'http://gibson.com/', '1971-08-29 08:02:38', '2008-12-15 19:09:57');
INSERT INTO `media` (`id`, `media_type_id`, `user_id`, `filename`, `size`, `metadata`, `created_at`, `updated_at`) VALUES (17, 0, 54, 'iusto', 30, 'http://welch.info/', '2014-02-21 09:54:48', '2017-09-24 01:51:58');
INSERT INTO `media` (`id`, `media_type_id`, `user_id`, `filename`, `size`, `metadata`, `created_at`, `updated_at`) VALUES (18, 2, 3, 'dolore', 64, 'http://braun.net/', '1984-08-05 07:49:01', '2013-06-15 10:16:31');
INSERT INTO `media` (`id`, `media_type_id`, `user_id`, `filename`, `size`, `metadata`, `created_at`, `updated_at`) VALUES (19, 1, 48, 'quisquam', 6, 'http://koch.biz/', '1992-11-04 07:44:51', '1987-07-28 13:33:57');
INSERT INTO `media` (`id`, `media_type_id`, `user_id`, `filename`, `size`, `metadata`, `created_at`, `updated_at`) VALUES (20, 1, 7, 'blanditiis', 3464159, 'http://zemlak.org/', '1970-10-13 23:56:10', '1981-03-12 08:15:55');
INSERT INTO `media` (`id`, `media_type_id`, `user_id`, `filename`, `size`, `metadata`, `created_at`, `updated_at`) VALUES (21, 3, 91, 'animi', 0, 'http://lemke.info/', '2011-01-06 16:06:41', '1992-12-05 18:09:25');
INSERT INTO `media` (`id`, `media_type_id`, `user_id`, `filename`, `size`, `metadata`, `created_at`, `updated_at`) VALUES (22, 2, 16, 'magnam', 91, 'http://waltermayer.net/', '2011-12-18 00:21:36', '1999-10-12 21:59:11');
INSERT INTO `media` (`id`, `media_type_id`, `user_id`, `filename`, `size`, `metadata`, `created_at`, `updated_at`) VALUES (23, 2, 7, 'sed', 94555, 'http://moen.org/', '1975-03-31 08:32:19', '2012-08-02 02:50:02');
INSERT INTO `media` (`id`, `media_type_id`, `user_id`, `filename`, `size`, `metadata`, `created_at`, `updated_at`) VALUES (24, 3, 28, 'consequatur', 28867, 'http://lockmanferry.com/', '1986-12-16 15:58:57', '2013-04-06 18:00:37');
INSERT INTO `media` (`id`, `media_type_id`, `user_id`, `filename`, `size`, `metadata`, `created_at`, `updated_at`) VALUES (25, 2, 95, 'rem', 6532167, 'http://www.cruickshank.org/', '1970-09-09 13:25:06', '1973-02-03 11:22:55');
INSERT INTO `media` (`id`, `media_type_id`, `user_id`, `filename`, `size`, `metadata`, `created_at`, `updated_at`) VALUES (26, 1, 4, 'sed', 77401851, 'http://marvin.biz/', '1998-08-17 13:27:13', '1992-03-15 23:51:13');
INSERT INTO `media` (`id`, `media_type_id`, `user_id`, `filename`, `size`, `metadata`, `created_at`, `updated_at`) VALUES (27, 1, 33, 'eaque', 0, 'http://boyer.net/', '1970-02-02 11:01:38', '2003-10-08 20:14:12');
INSERT INTO `media` (`id`, `media_type_id`, `user_id`, `filename`, `size`, `metadata`, `created_at`, `updated_at`) VALUES (28, 3, 61, 'nihil', 9063937, 'http://www.gaylord.com/', '1990-09-19 02:46:14', '1999-08-14 05:45:05');
INSERT INTO `media` (`id`, `media_type_id`, `user_id`, `filename`, `size`, `metadata`, `created_at`, `updated_at`) VALUES (29, 1, 14, 'et', 9862, 'http://www.treutel.com/', '1989-04-21 21:32:23', '1992-12-20 13:23:22');
INSERT INTO `media` (`id`, `media_type_id`, `user_id`, `filename`, `size`, `metadata`, `created_at`, `updated_at`) VALUES (30, 3, 11, 'aut', 3502807, 'http://www.kihn.net/', '1984-12-16 12:04:37', '2009-05-23 13:38:06');
INSERT INTO `media` (`id`, `media_type_id`, `user_id`, `filename`, `size`, `metadata`, `created_at`, `updated_at`) VALUES (31, 0, 86, 'quia', 7, 'http://www.metz.com/', '1973-03-14 23:39:53', '2017-11-27 13:51:56');
INSERT INTO `media` (`id`, `media_type_id`, `user_id`, `filename`, `size`, `metadata`, `created_at`, `updated_at`) VALUES (32, 0, 87, 'voluptatem', 1132887, 'http://www.hagenes.com/', '2011-07-20 15:25:14', '1982-01-13 10:28:54');
INSERT INTO `media` (`id`, `media_type_id`, `user_id`, `filename`, `size`, `metadata`, `created_at`, `updated_at`) VALUES (33, 3, 85, 'aut', 490453764, 'http://www.casper.org/', '1979-10-30 00:26:04', '1997-03-24 15:39:21');
INSERT INTO `media` (`id`, `media_type_id`, `user_id`, `filename`, `size`, `metadata`, `created_at`, `updated_at`) VALUES (34, 1, 86, 'et', 118685020, 'http://kutchfisher.com/', '1999-08-03 22:30:49', '1988-02-21 20:11:45');
INSERT INTO `media` (`id`, `media_type_id`, `user_id`, `filename`, `size`, `metadata`, `created_at`, `updated_at`) VALUES (35, 2, 40, 'at', 0, 'http://thiel.org/', '2017-09-15 01:05:49', '1987-06-05 19:32:03');
INSERT INTO `media` (`id`, `media_type_id`, `user_id`, `filename`, `size`, `metadata`, `created_at`, `updated_at`) VALUES (36, 3, 6, 'ut', 60494, 'http://www.stammdeckow.biz/', '2017-12-24 04:08:03', '1984-07-15 14:10:44');
INSERT INTO `media` (`id`, `media_type_id`, `user_id`, `filename`, `size`, `metadata`, `created_at`, `updated_at`) VALUES (37, 0, 58, 'ut', 36, 'http://nader.com/', '2010-09-30 15:01:24', '1994-02-14 01:25:01');
INSERT INTO `media` (`id`, `media_type_id`, `user_id`, `filename`, `size`, `metadata`, `created_at`, `updated_at`) VALUES (38, 0, 13, 'autem', 4578, 'http://www.ankundingwunsch.com/', '1974-08-11 01:18:49', '1985-06-11 17:26:00');
INSERT INTO `media` (`id`, `media_type_id`, `user_id`, `filename`, `size`, `metadata`, `created_at`, `updated_at`) VALUES (39, 2, 77, 'ut', 97, 'http://hammes.com/', '1986-06-11 23:43:48', '1987-03-14 11:07:23');
INSERT INTO `media` (`id`, `media_type_id`, `user_id`, `filename`, `size`, `metadata`, `created_at`, `updated_at`) VALUES (40, 1, 62, 'ut', 718033, 'http://howell.com/', '2010-06-03 19:02:37', '2011-11-03 04:23:57');
INSERT INTO `media` (`id`, `media_type_id`, `user_id`, `filename`, `size`, `metadata`, `created_at`, `updated_at`) VALUES (41, 1, 45, 'rerum', 37, 'http://maggiooberbrunner.com/', '1990-08-27 15:46:47', '1971-05-22 22:54:59');
INSERT INTO `media` (`id`, `media_type_id`, `user_id`, `filename`, `size`, `metadata`, `created_at`, `updated_at`) VALUES (42, 3, 90, 'accusantium', 560849921, 'http://www.lemke.info/', '2004-03-23 00:43:48', '1975-05-14 08:08:53');
INSERT INTO `media` (`id`, `media_type_id`, `user_id`, `filename`, `size`, `metadata`, `created_at`, `updated_at`) VALUES (43, 1, 58, 'et', 2, 'http://lowelangworth.net/', '2003-05-25 02:14:31', '1989-04-20 18:47:40');
INSERT INTO `media` (`id`, `media_type_id`, `user_id`, `filename`, `size`, `metadata`, `created_at`, `updated_at`) VALUES (44, 0, 85, 'id', 3039365, 'http://jakubowski.biz/', '2003-08-24 12:41:35', '1976-01-01 21:59:03');
INSERT INTO `media` (`id`, `media_type_id`, `user_id`, `filename`, `size`, `metadata`, `created_at`, `updated_at`) VALUES (45, 1, 100, 'ea', 911718, 'http://rodriguez.info/', '2016-07-29 14:40:51', '2019-06-08 05:38:36');
INSERT INTO `media` (`id`, `media_type_id`, `user_id`, `filename`, `size`, `metadata`, `created_at`, `updated_at`) VALUES (46, 3, 18, 'consequatur', 4620, 'http://thompson.com/', '2009-12-02 12:22:03', '1972-03-18 10:51:54');
INSERT INTO `media` (`id`, `media_type_id`, `user_id`, `filename`, `size`, `metadata`, `created_at`, `updated_at`) VALUES (47, 2, 94, 'voluptate', 33981, 'http://wiegandmoore.com/', '1970-04-18 12:03:19', '2007-07-17 19:40:25');
INSERT INTO `media` (`id`, `media_type_id`, `user_id`, `filename`, `size`, `metadata`, `created_at`, `updated_at`) VALUES (48, 1, 34, 'illo', 6957, 'http://kuphalmckenzie.com/', '2009-11-05 02:02:10', '1993-02-28 05:33:38');
INSERT INTO `media` (`id`, `media_type_id`, `user_id`, `filename`, `size`, `metadata`, `created_at`, `updated_at`) VALUES (49, 3, 31, 'dolor', 8777303, 'http://www.roweanderson.info/', '1994-04-13 20:50:39', '2005-11-11 07:54:32');
INSERT INTO `media` (`id`, `media_type_id`, `user_id`, `filename`, `size`, `metadata`, `created_at`, `updated_at`) VALUES (50, 0, 19, 'quis', 88497, 'http://www.runte.com/', '2011-02-22 20:01:33', '2020-01-17 04:39:54');
INSERT INTO `media` (`id`, `media_type_id`, `user_id`, `filename`, `size`, `metadata`, `created_at`, `updated_at`) VALUES (51, 3, 87, 'consequatur', 4, 'http://www.stiedemann.com/', '1986-10-17 22:26:46', '2003-12-02 08:30:00');
INSERT INTO `media` (`id`, `media_type_id`, `user_id`, `filename`, `size`, `metadata`, `created_at`, `updated_at`) VALUES (52, 3, 9, 'officiis', 9, 'http://www.brown.com/', '2015-11-08 13:06:42', '2003-12-14 06:27:37');
INSERT INTO `media` (`id`, `media_type_id`, `user_id`, `filename`, `size`, `metadata`, `created_at`, `updated_at`) VALUES (53, 0, 15, 'laborum', 5, 'http://www.bernhard.info/', '2012-05-08 06:17:47', '2003-05-08 06:28:57');
INSERT INTO `media` (`id`, `media_type_id`, `user_id`, `filename`, `size`, `metadata`, `created_at`, `updated_at`) VALUES (54, 1, 7, 'qui', 74, 'http://www.hills.com/', '1998-02-07 04:06:52', '1985-07-03 10:07:10');
INSERT INTO `media` (`id`, `media_type_id`, `user_id`, `filename`, `size`, `metadata`, `created_at`, `updated_at`) VALUES (55, 3, 35, 'asperiores', 147399039, 'http://klockolubowitz.net/', '2012-02-15 15:06:03', '1989-10-27 20:26:19');
INSERT INTO `media` (`id`, `media_type_id`, `user_id`, `filename`, `size`, `metadata`, `created_at`, `updated_at`) VALUES (56, 1, 42, 'repudiandae', 0, 'http://deckow.info/', '2002-09-25 22:12:21', '1999-10-08 08:53:30');
INSERT INTO `media` (`id`, `media_type_id`, `user_id`, `filename`, `size`, `metadata`, `created_at`, `updated_at`) VALUES (57, 1, 21, 'et', 7, 'http://www.lynch.net/', '1979-02-16 17:00:44', '2008-07-09 02:39:03');
INSERT INTO `media` (`id`, `media_type_id`, `user_id`, `filename`, `size`, `metadata`, `created_at`, `updated_at`) VALUES (58, 2, 2, 'et', 5, 'http://www.cormierbuckridge.com/', '1977-02-27 16:48:46', '1987-08-26 13:59:30');
INSERT INTO `media` (`id`, `media_type_id`, `user_id`, `filename`, `size`, `metadata`, `created_at`, `updated_at`) VALUES (59, 2, 63, 'illum', 984, 'http://skilesquigley.net/', '2010-05-28 12:26:15', '1981-09-03 14:37:58');
INSERT INTO `media` (`id`, `media_type_id`, `user_id`, `filename`, `size`, `metadata`, `created_at`, `updated_at`) VALUES (60, 1, 100, 'et', 34513991, 'http://moen.info/', '1976-10-05 07:02:14', '1970-01-13 19:53:19');
INSERT INTO `media` (`id`, `media_type_id`, `user_id`, `filename`, `size`, `metadata`, `created_at`, `updated_at`) VALUES (61, 2, 82, 'dolorum', 566715115, 'http://hintz.com/', '1982-07-07 04:12:00', '2018-11-13 10:10:19');
INSERT INTO `media` (`id`, `media_type_id`, `user_id`, `filename`, `size`, `metadata`, `created_at`, `updated_at`) VALUES (62, 2, 30, 'omnis', 286, 'http://bernier.net/', '2002-12-12 05:54:40', '1987-01-17 16:17:24');
INSERT INTO `media` (`id`, `media_type_id`, `user_id`, `filename`, `size`, `metadata`, `created_at`, `updated_at`) VALUES (63, 3, 99, 'recusandae', 4, 'http://kihn.com/', '1982-11-10 11:14:12', '2000-03-07 09:01:22');
INSERT INTO `media` (`id`, `media_type_id`, `user_id`, `filename`, `size`, `metadata`, `created_at`, `updated_at`) VALUES (64, 2, 60, 'expedita', 732613955, 'http://www.feeney.com/', '1976-11-25 17:38:32', '2019-02-21 00:55:05');
INSERT INTO `media` (`id`, `media_type_id`, `user_id`, `filename`, `size`, `metadata`, `created_at`, `updated_at`) VALUES (65, 1, 7, 'ipsa', 4, 'http://mohrjohnston.com/', '2014-04-28 10:26:39', '1976-09-16 14:02:43');
INSERT INTO `media` (`id`, `media_type_id`, `user_id`, `filename`, `size`, `metadata`, `created_at`, `updated_at`) VALUES (66, 1, 75, 'est', 2, 'http://altenwerth.com/', '2000-09-04 12:39:22', '1970-07-11 00:27:47');
INSERT INTO `media` (`id`, `media_type_id`, `user_id`, `filename`, `size`, `metadata`, `created_at`, `updated_at`) VALUES (67, 1, 9, 'commodi', 0, 'http://braunmitchell.com/', '2008-12-12 23:29:19', '2018-08-14 06:55:40');
INSERT INTO `media` (`id`, `media_type_id`, `user_id`, `filename`, `size`, `metadata`, `created_at`, `updated_at`) VALUES (68, 2, 98, 'fuga', 4720, 'http://www.larkin.com/', '1978-11-12 09:49:15', '1995-11-16 03:42:57');
INSERT INTO `media` (`id`, `media_type_id`, `user_id`, `filename`, `size`, `metadata`, `created_at`, `updated_at`) VALUES (69, 1, 35, 'qui', 724, 'http://www.gusikowski.biz/', '1977-03-04 19:47:05', '2001-10-27 07:02:12');
INSERT INTO `media` (`id`, `media_type_id`, `user_id`, `filename`, `size`, `metadata`, `created_at`, `updated_at`) VALUES (70, 2, 79, 'architecto', 0, 'http://leffler.com/', '2016-11-08 02:27:51', '1984-05-02 01:17:05');
INSERT INTO `media` (`id`, `media_type_id`, `user_id`, `filename`, `size`, `metadata`, `created_at`, `updated_at`) VALUES (71, 2, 72, 'culpa', 795208613, 'http://binsritchie.com/', '2006-12-06 19:50:02', '2017-07-31 21:49:09');
INSERT INTO `media` (`id`, `media_type_id`, `user_id`, `filename`, `size`, `metadata`, `created_at`, `updated_at`) VALUES (72, 0, 58, 'sunt', 70170715, 'http://balistreri.com/', '1990-06-07 06:24:32', '2005-10-28 19:12:05');
INSERT INTO `media` (`id`, `media_type_id`, `user_id`, `filename`, `size`, `metadata`, `created_at`, `updated_at`) VALUES (73, 1, 79, 'exercitationem', 2057327, 'http://www.hettinger.com/', '2004-01-13 18:41:56', '1999-07-29 10:36:53');
INSERT INTO `media` (`id`, `media_type_id`, `user_id`, `filename`, `size`, `metadata`, `created_at`, `updated_at`) VALUES (74, 3, 93, 'expedita', 392423, 'http://hickletowne.org/', '1986-06-09 00:16:06', '2008-01-14 07:21:26');
INSERT INTO `media` (`id`, `media_type_id`, `user_id`, `filename`, `size`, `metadata`, `created_at`, `updated_at`) VALUES (75, 1, 32, 'omnis', 924907, 'http://hansen.net/', '2002-04-30 05:32:57', '2012-07-29 10:56:51');
INSERT INTO `media` (`id`, `media_type_id`, `user_id`, `filename`, `size`, `metadata`, `created_at`, `updated_at`) VALUES (76, 1, 43, 'odio', 54397, 'http://walshcarroll.com/', '1981-01-21 11:30:06', '1984-01-26 17:45:20');
INSERT INTO `media` (`id`, `media_type_id`, `user_id`, `filename`, `size`, `metadata`, `created_at`, `updated_at`) VALUES (77, 0, 88, 'eius', 0, 'http://www.wehner.net/', '1999-12-11 19:43:44', '1975-01-08 00:59:22');
INSERT INTO `media` (`id`, `media_type_id`, `user_id`, `filename`, `size`, `metadata`, `created_at`, `updated_at`) VALUES (78, 1, 74, 'veniam', 2, 'http://lowehaag.com/', '1982-07-04 22:47:27', '2010-11-17 11:53:21');
INSERT INTO `media` (`id`, `media_type_id`, `user_id`, `filename`, `size`, `metadata`, `created_at`, `updated_at`) VALUES (79, 3, 66, 'voluptatibus', 0, 'http://walsh.com/', '1989-03-24 06:52:25', '2015-06-09 19:26:12');
INSERT INTO `media` (`id`, `media_type_id`, `user_id`, `filename`, `size`, `metadata`, `created_at`, `updated_at`) VALUES (80, 0, 27, 'ut', 641, 'http://greenholt.com/', '1976-03-28 10:17:46', '1992-04-23 07:56:21');
INSERT INTO `media` (`id`, `media_type_id`, `user_id`, `filename`, `size`, `metadata`, `created_at`, `updated_at`) VALUES (81, 2, 6, 'autem', 40176, 'http://daniel.com/', '2000-01-02 07:24:22', '1996-12-20 23:05:31');
INSERT INTO `media` (`id`, `media_type_id`, `user_id`, `filename`, `size`, `metadata`, `created_at`, `updated_at`) VALUES (82, 1, 5, 'est', 959755, 'http://okon.com/', '2003-09-28 07:32:51', '1971-01-07 20:56:33');
INSERT INTO `media` (`id`, `media_type_id`, `user_id`, `filename`, `size`, `metadata`, `created_at`, `updated_at`) VALUES (83, 1, 55, 'ut', 87194431, 'http://whitehaag.info/', '1992-04-27 22:22:06', '1988-01-01 17:39:54');
INSERT INTO `media` (`id`, `media_type_id`, `user_id`, `filename`, `size`, `metadata`, `created_at`, `updated_at`) VALUES (84, 1, 38, 'rerum', 141418, 'http://www.blanda.com/', '1977-01-11 17:06:45', '2008-12-05 14:51:32');
INSERT INTO `media` (`id`, `media_type_id`, `user_id`, `filename`, `size`, `metadata`, `created_at`, `updated_at`) VALUES (85, 0, 82, 'a', 0, 'http://www.botsford.com/', '1988-05-29 21:16:45', '1973-05-09 16:01:45');
INSERT INTO `media` (`id`, `media_type_id`, `user_id`, `filename`, `size`, `metadata`, `created_at`, `updated_at`) VALUES (86, 2, 12, 'sed', 9059, 'http://www.lockman.com/', '2010-07-08 08:59:33', '1971-08-31 11:34:45');
INSERT INTO `media` (`id`, `media_type_id`, `user_id`, `filename`, `size`, `metadata`, `created_at`, `updated_at`) VALUES (87, 0, 22, 'placeat', 3303882, 'http://www.luettgen.com/', '2006-07-20 11:45:08', '1970-04-26 06:30:43');
INSERT INTO `media` (`id`, `media_type_id`, `user_id`, `filename`, `size`, `metadata`, `created_at`, `updated_at`) VALUES (88, 0, 45, 'quia', 0, 'http://www.yost.org/', '2012-03-12 10:46:39', '1994-04-21 10:55:02');
INSERT INTO `media` (`id`, `media_type_id`, `user_id`, `filename`, `size`, `metadata`, `created_at`, `updated_at`) VALUES (89, 2, 86, 'voluptas', 30, 'http://renner.info/', '1973-05-12 01:34:30', '1976-03-26 21:27:43');
INSERT INTO `media` (`id`, `media_type_id`, `user_id`, `filename`, `size`, `metadata`, `created_at`, `updated_at`) VALUES (90, 1, 29, 'ipsa', 7859, 'http://beahan.com/', '1972-06-12 02:36:34', '1972-07-16 05:28:59');
INSERT INTO `media` (`id`, `media_type_id`, `user_id`, `filename`, `size`, `metadata`, `created_at`, `updated_at`) VALUES (91, 3, 2, 'quasi', 7, 'http://hermiston.biz/', '1977-05-01 08:05:45', '2008-12-03 08:34:59');
INSERT INTO `media` (`id`, `media_type_id`, `user_id`, `filename`, `size`, `metadata`, `created_at`, `updated_at`) VALUES (92, 2, 27, 'et', 74247, 'http://mitchell.biz/', '1976-12-19 01:44:34', '2016-01-18 16:49:43');
INSERT INTO `media` (`id`, `media_type_id`, `user_id`, `filename`, `size`, `metadata`, `created_at`, `updated_at`) VALUES (93, 0, 2, 'repellat', 146563732, 'http://smith.info/', '1993-12-29 22:17:42', '2008-10-03 16:34:58');
INSERT INTO `media` (`id`, `media_type_id`, `user_id`, `filename`, `size`, `metadata`, `created_at`, `updated_at`) VALUES (94, 2, 16, 'id', 99786, 'http://www.hessel.com/', '1989-02-06 10:43:02', '1986-05-27 09:54:15');
INSERT INTO `media` (`id`, `media_type_id`, `user_id`, `filename`, `size`, `metadata`, `created_at`, `updated_at`) VALUES (95, 1, 12, 'minima', 4956281, 'http://www.monahan.com/', '2013-02-17 17:56:57', '1979-02-10 06:18:02');
INSERT INTO `media` (`id`, `media_type_id`, `user_id`, `filename`, `size`, `metadata`, `created_at`, `updated_at`) VALUES (96, 3, 48, 'iure', 661350167, 'http://schroeder.biz/', '1994-11-27 08:13:40', '1971-08-08 10:30:51');
INSERT INTO `media` (`id`, `media_type_id`, `user_id`, `filename`, `size`, `metadata`, `created_at`, `updated_at`) VALUES (97, 1, 44, 'eum', 0, 'http://greenholt.com/', '1988-11-24 18:42:57', '1986-01-05 10:53:30');
INSERT INTO `media` (`id`, `media_type_id`, `user_id`, `filename`, `size`, `metadata`, `created_at`, `updated_at`) VALUES (98, 2, 50, 'voluptatum', 104030708, 'http://haleybuckridge.com/', '1975-04-19 03:36:24', '2008-12-14 06:28:20');
INSERT INTO `media` (`id`, `media_type_id`, `user_id`, `filename`, `size`, `metadata`, `created_at`, `updated_at`) VALUES (99, 3, 28, 'dolorum', 6052, 'http://bashirian.org/', '1978-08-09 04:30:29', '1976-11-17 10:16:33');
INSERT INTO `media` (`id`, `media_type_id`, `user_id`, `filename`, `size`, `metadata`, `created_at`, `updated_at`) VALUES (100, 3, 88, 'beatae', 890882, 'http://cummeratadoyle.biz/', '1976-07-18 04:11:18', '1991-07-02 09:22:40');


#
# TABLE STRUCTURE FOR: media_types
#

DROP TABLE IF EXISTS `media_types`;

CREATE TABLE `media_types` (
  `id` int(10) unsigned NOT NULL AUTO_INCREMENT,
  `name` varchar(255) COLLATE utf8_unicode_ci NOT NULL,
  PRIMARY KEY (`id`),
  UNIQUE KEY `name` (`name`)
) ENGINE=InnoDB AUTO_INCREMENT=4 DEFAULT CHARSET=utf8 COLLATE=utf8_unicode_ci;

INSERT INTO `media_types` (`id`, `name`) VALUES (2, 'g');
INSERT INTO `media_types` (`id`, `name`) VALUES (3, 'n');
INSERT INTO `media_types` (`id`, `name`) VALUES (1, 'w');


#
# TABLE STRUCTURE FOR: messages
#

DROP TABLE IF EXISTS `messages`;

CREATE TABLE `messages` (
  `id` int(10) unsigned NOT NULL AUTO_INCREMENT,
  `from_user_id` int(10) unsigned NOT NULL,
  `to_user_id` int(10) unsigned NOT NULL,
  `body` text COLLATE utf8_unicode_ci NOT NULL,
  `is_important` tinyint(1) DEFAULT NULL,
  `is_delivered` tinyint(1) DEFAULT NULL,
  `created_at` datetime DEFAULT current_timestamp(),
  PRIMARY KEY (`id`)
) ENGINE=InnoDB AUTO_INCREMENT=101 DEFAULT CHARSET=utf8 COLLATE=utf8_unicode_ci;

INSERT INTO `messages` (`id`, `from_user_id`, `to_user_id`, `body`, `is_important`, `is_delivered`, `created_at`) VALUES (1, 58, 48, 'Rerum sapiente dolores veniam mollitia quia eos alias. Inventore rem praesentium laboriosam architecto dolores dolores qui. Et non cumque eaque unde esse magni nobis. Quia quo magni molestiae enim. Est doloribus et sunt quidem et nostrum fugit unde.', 1, 1, '1975-03-11 23:13:14');
INSERT INTO `messages` (`id`, `from_user_id`, `to_user_id`, `body`, `is_important`, `is_delivered`, `created_at`) VALUES (2, 4, 57, 'Et quia ullam nisi totam et. Velit molestias officia voluptatem ut. Ut dolor dignissimos velit occaecati iure eum. Accusantium dicta ea quaerat voluptas illum sit.', 0, 1, '1974-02-03 12:30:34');
INSERT INTO `messages` (`id`, `from_user_id`, `to_user_id`, `body`, `is_important`, `is_delivered`, `created_at`) VALUES (3, 54, 64, 'Asperiores repudiandae facere rerum quis aut dicta reprehenderit. Exercitationem qui dolorem modi tempore qui optio repudiandae.', 1, 1, '1975-11-21 00:15:14');
INSERT INTO `messages` (`id`, `from_user_id`, `to_user_id`, `body`, `is_important`, `is_delivered`, `created_at`) VALUES (4, 24, 35, 'Nostrum est quod sunt dolorem rerum inventore. Nobis numquam architecto modi sint debitis quidem consectetur. Adipisci perspiciatis quia neque et facere sed.', 1, 0, '1982-02-13 21:34:47');
INSERT INTO `messages` (`id`, `from_user_id`, `to_user_id`, `body`, `is_important`, `is_delivered`, `created_at`) VALUES (5, 28, 25, 'Aut numquam doloribus rerum unde voluptatem accusamus consequatur natus. Numquam quas nesciunt voluptatem error ea assumenda nobis. Inventore earum hic voluptatem recusandae tempore. Nemo expedita consectetur est.', 1, 1, '2003-05-22 11:40:24');
INSERT INTO `messages` (`id`, `from_user_id`, `to_user_id`, `body`, `is_important`, `is_delivered`, `created_at`) VALUES (6, 56, 78, 'Ut sint inventore minima autem suscipit. Aut ut voluptas soluta. Sunt delectus inventore ab omnis possimus et. Cupiditate quam nam neque corporis. Sed deleniti doloremque voluptas eligendi quod qui animi.', 1, 0, '1979-06-16 17:29:15');
INSERT INTO `messages` (`id`, `from_user_id`, `to_user_id`, `body`, `is_important`, `is_delivered`, `created_at`) VALUES (7, 3, 4, 'Delectus aliquid modi quod deleniti quis aut. Sit sed nihil est ad aspernatur maiores consequatur. Et rerum quos et cum earum iusto. Officia voluptates tempora dolorem illum blanditiis mollitia. Inventore rerum nulla nesciunt mollitia et.', 0, 1, '2005-07-12 02:37:49');
INSERT INTO `messages` (`id`, `from_user_id`, `to_user_id`, `body`, `is_important`, `is_delivered`, `created_at`) VALUES (8, 5, 34, 'Dolor consequatur dignissimos est cupiditate odio nobis molestiae. Expedita ipsa amet itaque consectetur cumque. Rerum consequatur et voluptatem. Eos et sequi aut qui necessitatibus non ut.', 0, 1, '2001-10-03 07:34:48');
INSERT INTO `messages` (`id`, `from_user_id`, `to_user_id`, `body`, `is_important`, `is_delivered`, `created_at`) VALUES (9, 96, 21, 'Officia dolorem modi autem. Reprehenderit omnis maiores aut. Ducimus ipsam maxime quia. Magni qui commodi in et et non. Quia dolore eius delectus adipisci laudantium.', 0, 0, '2007-07-13 17:19:00');
INSERT INTO `messages` (`id`, `from_user_id`, `to_user_id`, `body`, `is_important`, `is_delivered`, `created_at`) VALUES (10, 75, 79, 'Quae voluptatem maxime quam debitis repellat sapiente. Possimus soluta et delectus quae. Commodi alias nesciunt quia odio et reiciendis necessitatibus omnis. Incidunt officiis ad facere vel maxime sequi.', 1, 1, '1989-05-08 17:29:20');
INSERT INTO `messages` (`id`, `from_user_id`, `to_user_id`, `body`, `is_important`, `is_delivered`, `created_at`) VALUES (11, 41, 80, 'Placeat nemo et aut blanditiis quod voluptates. Assumenda voluptatem ut sint harum. Consectetur unde cum ut esse culpa qui.', 0, 0, '1979-09-20 15:47:39');
INSERT INTO `messages` (`id`, `from_user_id`, `to_user_id`, `body`, `is_important`, `is_delivered`, `created_at`) VALUES (12, 66, 45, 'Temporibus excepturi inventore excepturi id amet. Fugit voluptas voluptates ipsa nobis voluptas amet cum. Quos sequi in minus.', 1, 1, '1980-10-06 18:39:44');
INSERT INTO `messages` (`id`, `from_user_id`, `to_user_id`, `body`, `is_important`, `is_delivered`, `created_at`) VALUES (13, 0, 43, 'Sunt dolor perspiciatis laudantium velit. Sit sint similique voluptas porro voluptatum. Voluptates officia non quis qui voluptates dolorem. Temporibus repudiandae consequatur sint et vero qui.', 1, 0, '2019-03-26 01:33:41');
INSERT INTO `messages` (`id`, `from_user_id`, `to_user_id`, `body`, `is_important`, `is_delivered`, `created_at`) VALUES (14, 13, 68, 'Voluptatum omnis praesentium qui sint iusto eum. Deserunt id odit veniam sed. Illo nihil earum qui placeat sed qui cum. Omnis et inventore consequatur quaerat. Et inventore eaque velit aut.', 0, 0, '1997-01-11 12:00:05');
INSERT INTO `messages` (`id`, `from_user_id`, `to_user_id`, `body`, `is_important`, `is_delivered`, `created_at`) VALUES (15, 77, 69, 'Ipsum beatae sunt omnis sed rerum. Doloremque quia rem eveniet voluptatem sint id saepe. Amet et veniam corporis dolorem assumenda dolor. Doloribus eaque voluptates adipisci ducimus distinctio. Architecto facilis ut enim dolorem.', 1, 1, '1974-12-05 08:22:17');
INSERT INTO `messages` (`id`, `from_user_id`, `to_user_id`, `body`, `is_important`, `is_delivered`, `created_at`) VALUES (16, 69, 82, 'Et vel asperiores dolorem cumque repellendus dolore. Quos voluptas quia nesciunt deleniti vitae. Dignissimos nam illum maxime praesentium labore voluptatibus excepturi.', 1, 1, '2000-12-03 02:57:04');
INSERT INTO `messages` (`id`, `from_user_id`, `to_user_id`, `body`, `is_important`, `is_delivered`, `created_at`) VALUES (17, 98, 36, 'Unde commodi id itaque voluptate temporibus excepturi autem doloribus. Et quisquam saepe dolor nam. At quisquam qui commodi quis facilis. Quae soluta dolor illo est minima quia asperiores.', 0, 0, '2007-01-08 15:29:39');
INSERT INTO `messages` (`id`, `from_user_id`, `to_user_id`, `body`, `is_important`, `is_delivered`, `created_at`) VALUES (18, 55, 78, 'Ut natus sunt cumque quaerat. Dicta voluptates qui dolor voluptas. Placeat ut aut autem quas blanditiis quibusdam culpa.', 1, 0, '1997-10-20 11:14:07');
INSERT INTO `messages` (`id`, `from_user_id`, `to_user_id`, `body`, `is_important`, `is_delivered`, `created_at`) VALUES (19, 63, 78, 'Temporibus earum in doloremque amet quasi. Corporis repudiandae maiores consectetur itaque sit voluptatum. Itaque et dolor est voluptatum voluptatem eos autem.', 0, 1, '2018-02-15 06:45:03');
INSERT INTO `messages` (`id`, `from_user_id`, `to_user_id`, `body`, `is_important`, `is_delivered`, `created_at`) VALUES (20, 26, 91, 'Corporis quia aut modi ipsa nobis. Dolor molestiae et voluptas labore. Laboriosam enim vero earum. Ipsam rerum eveniet consequuntur. Qui consectetur quo atque rerum.', 0, 0, '1980-09-29 17:01:06');
INSERT INTO `messages` (`id`, `from_user_id`, `to_user_id`, `body`, `is_important`, `is_delivered`, `created_at`) VALUES (21, 81, 77, 'Voluptatem adipisci delectus illo voluptatem accusamus. Iure sunt quia aperiam fuga. Perspiciatis quia est et accusantium.', 1, 0, '1971-08-19 11:20:55');
INSERT INTO `messages` (`id`, `from_user_id`, `to_user_id`, `body`, `is_important`, `is_delivered`, `created_at`) VALUES (22, 79, 96, 'Eius at veniam quod incidunt. Dolores aut aut sapiente. Aliquam modi cum dignissimos debitis aut. Dolorem quia quod nulla vitae. Magnam perferendis ipsam occaecati aut magnam magnam.', 1, 0, '2010-10-24 02:20:40');
INSERT INTO `messages` (`id`, `from_user_id`, `to_user_id`, `body`, `is_important`, `is_delivered`, `created_at`) VALUES (23, 11, 87, 'Deserunt iure deserunt sapiente excepturi autem. Ut sapiente quod ut nemo magnam sunt temporibus. Officiis reiciendis vel similique et eius et.', 0, 1, '1988-11-14 17:38:45');
INSERT INTO `messages` (`id`, `from_user_id`, `to_user_id`, `body`, `is_important`, `is_delivered`, `created_at`) VALUES (24, 83, 97, 'Quod consectetur et adipisci a. Officia sapiente enim qui adipisci tempore repellendus. Qui voluptatem quo quia vitae eaque minima atque amet.', 0, 1, '1987-12-13 22:14:51');
INSERT INTO `messages` (`id`, `from_user_id`, `to_user_id`, `body`, `is_important`, `is_delivered`, `created_at`) VALUES (25, 16, 70, 'Dicta commodi sint molestiae laudantium tenetur. Officiis aliquam soluta modi numquam ea veniam.', 1, 1, '1983-09-03 22:28:24');
INSERT INTO `messages` (`id`, `from_user_id`, `to_user_id`, `body`, `is_important`, `is_delivered`, `created_at`) VALUES (26, 0, 86, 'Voluptatum sunt nam repudiandae. Aliquam nisi esse non dolore. Adipisci dolorem expedita sint consequatur minima exercitationem. Sed optio aut odio.', 0, 1, '1992-07-05 10:49:31');
INSERT INTO `messages` (`id`, `from_user_id`, `to_user_id`, `body`, `is_important`, `is_delivered`, `created_at`) VALUES (27, 42, 27, 'Architecto non corporis laborum perferendis. Voluptatem alias est natus neque repellat consequatur. Sunt incidunt sapiente accusantium ut quaerat quo molestias.', 1, 0, '1986-11-18 08:32:25');
INSERT INTO `messages` (`id`, `from_user_id`, `to_user_id`, `body`, `is_important`, `is_delivered`, `created_at`) VALUES (28, 69, 90, 'Exercitationem optio quas maxime ut animi voluptate. Hic non natus autem quam et eaque architecto. Sed accusamus itaque et quae velit repellat nesciunt corporis.', 1, 1, '2005-04-12 08:22:08');
INSERT INTO `messages` (`id`, `from_user_id`, `to_user_id`, `body`, `is_important`, `is_delivered`, `created_at`) VALUES (29, 43, 74, 'Id et natus voluptas illo. Saepe libero ut cum consequatur odit repellendus voluptas harum. Voluptatem assumenda iure optio dolorem eius.', 1, 0, '2011-02-12 18:56:01');
INSERT INTO `messages` (`id`, `from_user_id`, `to_user_id`, `body`, `is_important`, `is_delivered`, `created_at`) VALUES (30, 57, 82, 'Veniam quia earum similique voluptatem qui totam. Voluptate perspiciatis est reprehenderit sint sapiente est voluptate. Totam quasi quaerat dolor similique. Et necessitatibus vero eum animi perferendis nobis vero dolorum.', 1, 0, '1992-03-27 18:45:46');
INSERT INTO `messages` (`id`, `from_user_id`, `to_user_id`, `body`, `is_important`, `is_delivered`, `created_at`) VALUES (31, 1, 96, 'Repellendus ut explicabo et est dicta minima. Nulla cumque ullam autem est dolorem voluptatibus ut. Similique sapiente quae maiores adipisci eos. Quis et aperiam enim accusamus ut commodi inventore impedit.', 0, 1, '1980-05-03 05:39:52');
INSERT INTO `messages` (`id`, `from_user_id`, `to_user_id`, `body`, `is_important`, `is_delivered`, `created_at`) VALUES (32, 36, 89, 'Et aspernatur et itaque aut. Quam excepturi alias dolorem omnis. Ipsum totam quo illo nisi quo. Minima placeat ut est sit fuga maxime sed sed.', 1, 1, '2010-07-13 04:56:52');
INSERT INTO `messages` (`id`, `from_user_id`, `to_user_id`, `body`, `is_important`, `is_delivered`, `created_at`) VALUES (33, 13, 19, 'Accusantium perspiciatis saepe id alias sed ullam odit. Voluptas repudiandae officia cupiditate aspernatur deleniti praesentium.', 1, 0, '2017-12-22 00:26:42');
INSERT INTO `messages` (`id`, `from_user_id`, `to_user_id`, `body`, `is_important`, `is_delivered`, `created_at`) VALUES (34, 38, 72, 'Ut sed suscipit ab est nostrum. Vero consectetur est sunt saepe iusto. Aut voluptatibus aut ullam.', 1, 0, '2000-02-20 17:16:12');
INSERT INTO `messages` (`id`, `from_user_id`, `to_user_id`, `body`, `is_important`, `is_delivered`, `created_at`) VALUES (35, 29, 5, 'Voluptate vitae itaque repudiandae quo voluptas magnam id. Quia esse enim voluptas consequuntur. Voluptatem dicta eveniet sequi. Ut itaque aut exercitationem porro.', 1, 0, '1984-07-12 18:14:06');
INSERT INTO `messages` (`id`, `from_user_id`, `to_user_id`, `body`, `is_important`, `is_delivered`, `created_at`) VALUES (36, 85, 18, 'Quia quo animi iste saepe sint iusto molestiae. Molestiae minima odit delectus veniam id quam. Quia ab vel sint iste. Non consequatur non facere esse et harum provident.', 1, 0, '1974-04-11 07:21:24');
INSERT INTO `messages` (`id`, `from_user_id`, `to_user_id`, `body`, `is_important`, `is_delivered`, `created_at`) VALUES (37, 89, 99, 'Dolore similique omnis perferendis voluptate. Maxime laboriosam id culpa eligendi reprehenderit. Totam pariatur quas dolorem aut rerum. Consequatur aperiam nam sunt voluptatem soluta.', 1, 1, '2015-06-24 00:05:16');
INSERT INTO `messages` (`id`, `from_user_id`, `to_user_id`, `body`, `is_important`, `is_delivered`, `created_at`) VALUES (38, 77, 32, 'Aut ducimus consequatur fuga sunt. Saepe ut rerum sunt quasi explicabo nam quo. Deleniti vero et autem totam.', 0, 1, '1993-03-07 06:36:26');
INSERT INTO `messages` (`id`, `from_user_id`, `to_user_id`, `body`, `is_important`, `is_delivered`, `created_at`) VALUES (39, 18, 71, 'Tempore id ipsa aperiam eum voluptatem fuga earum. Et nulla eaque eos dolorum dicta minima. Modi molestiae quaerat nesciunt sapiente blanditiis ex aut.', 0, 1, '2005-01-13 23:26:16');
INSERT INTO `messages` (`id`, `from_user_id`, `to_user_id`, `body`, `is_important`, `is_delivered`, `created_at`) VALUES (40, 40, 65, 'Dolores sed quaerat tempora sint praesentium. Officiis sequi sed laboriosam. Eius voluptatibus iusto et nostrum. Sapiente ut quo reiciendis atque rem id.', 1, 0, '1997-12-16 05:57:03');
INSERT INTO `messages` (`id`, `from_user_id`, `to_user_id`, `body`, `is_important`, `is_delivered`, `created_at`) VALUES (41, 55, 8, 'Veritatis illo autem reiciendis nam qui est et minus. Commodi velit optio eos blanditiis voluptates. Totam et placeat labore. Dignissimos voluptatem nostrum et voluptatem neque consequuntur.', 0, 0, '1995-03-31 04:28:16');
INSERT INTO `messages` (`id`, `from_user_id`, `to_user_id`, `body`, `is_important`, `is_delivered`, `created_at`) VALUES (42, 48, 7, 'Non sunt harum recusandae maiores. Rem temporibus ut nulla provident qui illo omnis sint. Sit quam nobis fugit accusantium perferendis ea sint. Odit ipsa sit veritatis itaque quasi nemo at voluptatum.', 0, 1, '1990-12-31 16:47:41');
INSERT INTO `messages` (`id`, `from_user_id`, `to_user_id`, `body`, `is_important`, `is_delivered`, `created_at`) VALUES (43, 37, 8, 'Dignissimos atque provident voluptatem harum officiis. Quasi culpa quos expedita et laborum. Qui possimus facilis aspernatur eum.', 0, 0, '2000-06-04 03:30:24');
INSERT INTO `messages` (`id`, `from_user_id`, `to_user_id`, `body`, `is_important`, `is_delivered`, `created_at`) VALUES (44, 93, 36, 'Nihil ratione et rerum. Facere impedit sint accusamus possimus. At quisquam dolores quis commodi eum.', 0, 0, '2005-12-01 12:25:41');
INSERT INTO `messages` (`id`, `from_user_id`, `to_user_id`, `body`, `is_important`, `is_delivered`, `created_at`) VALUES (45, 85, 36, 'Autem nam praesentium veniam et dignissimos a. Repudiandae in odit perferendis dolor. Qui vitae ullam modi.', 0, 0, '2014-06-05 03:53:33');
INSERT INTO `messages` (`id`, `from_user_id`, `to_user_id`, `body`, `is_important`, `is_delivered`, `created_at`) VALUES (46, 34, 87, 'Voluptatem enim saepe sed soluta voluptatem. Aspernatur sit accusantium sit aut. Quaerat aliquid quo quis iure eius minima voluptatem. Sit et qui molestiae.', 0, 1, '1977-06-24 18:16:25');
INSERT INTO `messages` (`id`, `from_user_id`, `to_user_id`, `body`, `is_important`, `is_delivered`, `created_at`) VALUES (47, 44, 44, 'Omnis harum illo ad temporibus. Quisquam est veritatis quos alias laudantium mollitia ut. Nobis at nihil facere illum deleniti incidunt repellat.', 0, 0, '2017-01-31 12:42:06');
INSERT INTO `messages` (`id`, `from_user_id`, `to_user_id`, `body`, `is_important`, `is_delivered`, `created_at`) VALUES (48, 15, 63, 'Omnis voluptatum quibusdam culpa sequi et error quasi. Neque quas reprehenderit rerum perferendis. Odio quasi eveniet aspernatur eaque perspiciatis nesciunt maiores. Esse dolor aliquid eos quod velit illo.', 1, 1, '1997-07-11 04:55:34');
INSERT INTO `messages` (`id`, `from_user_id`, `to_user_id`, `body`, `is_important`, `is_delivered`, `created_at`) VALUES (49, 87, 35, 'Repellendus ipsam eos omnis magni molestias eos maxime. Amet perspiciatis mollitia voluptas odio autem vel. Impedit tempore placeat praesentium est qui. Vel minima non expedita earum eos et quia quibusdam.', 1, 0, '1981-04-01 01:22:07');
INSERT INTO `messages` (`id`, `from_user_id`, `to_user_id`, `body`, `is_important`, `is_delivered`, `created_at`) VALUES (50, 15, 39, 'Fugit rerum et quia porro repudiandae. Dolorem omnis impedit dolores ducimus facere qui aut. Illo at doloribus delectus non et corrupti.', 1, 0, '1983-07-07 19:23:22');
INSERT INTO `messages` (`id`, `from_user_id`, `to_user_id`, `body`, `is_important`, `is_delivered`, `created_at`) VALUES (51, 99, 61, 'Qui porro vitae ipsum cumque. Soluta nam consequatur minus porro temporibus id nulla. Quod labore dicta a sit officiis. Qui error a est incidunt exercitationem voluptatibus possimus odit.', 0, 0, '1975-02-22 21:28:16');
INSERT INTO `messages` (`id`, `from_user_id`, `to_user_id`, `body`, `is_important`, `is_delivered`, `created_at`) VALUES (52, 46, 6, 'Odit voluptates exercitationem delectus reiciendis cupiditate cum veritatis. Aut et ut nesciunt est. Velit alias aut provident ut ipsam. Accusamus quia in assumenda dignissimos.', 1, 1, '1996-02-14 05:35:31');
INSERT INTO `messages` (`id`, `from_user_id`, `to_user_id`, `body`, `is_important`, `is_delivered`, `created_at`) VALUES (53, 6, 49, 'Ipsa dolores placeat harum aut molestias consectetur. Est sint sit nobis error consequuntur exercitationem incidunt. Omnis voluptas id itaque unde officia nam quidem non.', 0, 1, '2005-11-28 13:24:22');
INSERT INTO `messages` (`id`, `from_user_id`, `to_user_id`, `body`, `is_important`, `is_delivered`, `created_at`) VALUES (54, 73, 34, 'Amet laboriosam quis non quaerat est voluptatem aut. Aliquam ipsum officia et natus quia et. Ipsa aut aut deleniti quae. Facere commodi laudantium commodi maiores dolorum ut dignissimos.', 0, 0, '1994-05-06 12:03:17');
INSERT INTO `messages` (`id`, `from_user_id`, `to_user_id`, `body`, `is_important`, `is_delivered`, `created_at`) VALUES (55, 71, 99, 'Tempore dolor neque pariatur sint et. Adipisci ratione ipsa aspernatur itaque et velit aspernatur. In dolor corporis ratione ut dolore quas.', 0, 0, '2018-06-01 13:05:05');
INSERT INTO `messages` (`id`, `from_user_id`, `to_user_id`, `body`, `is_important`, `is_delivered`, `created_at`) VALUES (56, 13, 39, 'Sed itaque perspiciatis incidunt qui. Error labore minus non. Veniam et sint eligendi ut fugit.', 0, 0, '1992-09-02 22:55:05');
INSERT INTO `messages` (`id`, `from_user_id`, `to_user_id`, `body`, `is_important`, `is_delivered`, `created_at`) VALUES (57, 52, 12, 'Nihil sint voluptates in facere eum vitae. Sunt aut sit dolorem consequatur tenetur et qui. Iste autem aspernatur sequi corrupti.', 0, 0, '1996-11-02 17:38:41');
INSERT INTO `messages` (`id`, `from_user_id`, `to_user_id`, `body`, `is_important`, `is_delivered`, `created_at`) VALUES (58, 32, 60, 'Ducimus sit voluptates ab aliquam. Qui magni temporibus et molestias deleniti. Quo illum tempore distinctio omnis libero provident dolores temporibus. Corporis sunt nam rerum quaerat.', 0, 1, '1997-03-16 18:18:14');
INSERT INTO `messages` (`id`, `from_user_id`, `to_user_id`, `body`, `is_important`, `is_delivered`, `created_at`) VALUES (59, 85, 80, 'Dolore quas earum voluptatem. Voluptatem autem et consequatur doloribus ea ipsum molestias. Iure ut labore necessitatibus dolorem ut enim incidunt.', 0, 1, '1995-12-15 04:18:49');
INSERT INTO `messages` (`id`, `from_user_id`, `to_user_id`, `body`, `is_important`, `is_delivered`, `created_at`) VALUES (60, 62, 85, 'In id illo repudiandae error libero et distinctio. Rerum distinctio fugit blanditiis ad laborum optio dicta. Dolorem et praesentium quam ea error officiis.', 1, 1, '2006-11-13 18:52:31');
INSERT INTO `messages` (`id`, `from_user_id`, `to_user_id`, `body`, `is_important`, `is_delivered`, `created_at`) VALUES (61, 60, 35, 'Quis fugit non ullam maiores. Eligendi sed omnis est autem reprehenderit. Eaque odio voluptas aperiam ad assumenda enim nisi. Illum iste a quia ab et at dolores.', 1, 0, '1989-07-22 15:53:10');
INSERT INTO `messages` (`id`, `from_user_id`, `to_user_id`, `body`, `is_important`, `is_delivered`, `created_at`) VALUES (62, 10, 24, 'In aut iste autem quasi non aut. Magnam sit cupiditate quia saepe neque quisquam et. Tempora dolorum rerum doloremque natus aliquam ducimus perspiciatis. Sit corrupti libero voluptate aliquam.', 1, 0, '2007-09-19 00:57:59');
INSERT INTO `messages` (`id`, `from_user_id`, `to_user_id`, `body`, `is_important`, `is_delivered`, `created_at`) VALUES (63, 49, 78, 'Et eos dolor quis magnam quia. Voluptates maxime cumque nihil. Placeat distinctio voluptate ducimus voluptatem nobis et.', 1, 1, '1993-04-29 15:17:13');
INSERT INTO `messages` (`id`, `from_user_id`, `to_user_id`, `body`, `is_important`, `is_delivered`, `created_at`) VALUES (64, 77, 29, 'Asperiores reprehenderit qui autem est tempore. Ut ipsum itaque sint et autem sunt aut. Reprehenderit tempora dicta laudantium. Iure doloribus non et qui.', 0, 0, '2013-02-15 00:26:58');
INSERT INTO `messages` (`id`, `from_user_id`, `to_user_id`, `body`, `is_important`, `is_delivered`, `created_at`) VALUES (65, 89, 70, 'Animi atque deleniti commodi perspiciatis excepturi. Eaque quia similique ipsum aut ea. Voluptatum vitae exercitationem occaecati atque sed. Autem magnam nihil dolor repellat doloribus qui.', 1, 0, '1972-12-18 15:52:54');
INSERT INTO `messages` (`id`, `from_user_id`, `to_user_id`, `body`, `is_important`, `is_delivered`, `created_at`) VALUES (66, 2, 12, 'Reiciendis voluptas ratione voluptatum asperiores omnis iusto. Ipsum facere maiores culpa laboriosam. Facilis odit qui labore saepe nulla soluta.', 1, 0, '2009-08-26 04:44:14');
INSERT INTO `messages` (`id`, `from_user_id`, `to_user_id`, `body`, `is_important`, `is_delivered`, `created_at`) VALUES (67, 22, 94, 'Ut adipisci modi veritatis quia ut et. Molestias dolorem amet accusamus itaque necessitatibus rem nihil. Recusandae voluptatum dolor illum cumque facere quis. Numquam commodi odio ad eligendi officia sint et.', 0, 1, '1993-10-01 01:43:58');
INSERT INTO `messages` (`id`, `from_user_id`, `to_user_id`, `body`, `is_important`, `is_delivered`, `created_at`) VALUES (68, 62, 45, 'Sit accusantium in corporis ut ut sit officia ut. Repellat deleniti eum quisquam magni ullam rerum consequatur ea. Quae vitae ut magnam. Accusantium minima sunt harum ad in sint. Eveniet quis fugiat ut unde numquam id impedit.', 0, 0, '2008-10-02 01:54:30');
INSERT INTO `messages` (`id`, `from_user_id`, `to_user_id`, `body`, `is_important`, `is_delivered`, `created_at`) VALUES (69, 37, 6, 'Impedit repellendus voluptates nisi quia. Dolores unde vitae ut doloremque. Minus molestias nobis commodi rerum consequatur dolores sit vel.', 1, 0, '1970-04-10 03:48:57');
INSERT INTO `messages` (`id`, `from_user_id`, `to_user_id`, `body`, `is_important`, `is_delivered`, `created_at`) VALUES (70, 46, 65, 'Autem repellendus in consequuntur rerum. Ad iste aut saepe exercitationem omnis architecto est.', 1, 0, '2008-05-27 20:12:36');
INSERT INTO `messages` (`id`, `from_user_id`, `to_user_id`, `body`, `is_important`, `is_delivered`, `created_at`) VALUES (71, 89, 35, 'Quia aut sunt velit. Consequuntur quia aliquid labore deleniti unde tenetur quis. Temporibus pariatur voluptatem sunt corrupti ullam. Laboriosam ut sed qui iste impedit ea eum. Dolore sit molestiae nisi aut.', 1, 1, '1984-06-09 07:09:56');
INSERT INTO `messages` (`id`, `from_user_id`, `to_user_id`, `body`, `is_important`, `is_delivered`, `created_at`) VALUES (72, 46, 75, 'Iusto vero quam laboriosam id doloremque eos fugiat exercitationem. Accusamus aliquam odit nesciunt beatae ipsam quis. Fugiat qui est est qui dolorem est.', 0, 0, '1986-04-12 08:22:11');
INSERT INTO `messages` (`id`, `from_user_id`, `to_user_id`, `body`, `is_important`, `is_delivered`, `created_at`) VALUES (73, 61, 41, 'Et iure autem aut minima. Blanditiis cum et qui cupiditate. Repellendus corporis necessitatibus laborum nihil consequatur hic repellendus. Veritatis voluptatum minus doloribus pariatur expedita tempora.', 0, 1, '1985-04-23 09:48:06');
INSERT INTO `messages` (`id`, `from_user_id`, `to_user_id`, `body`, `is_important`, `is_delivered`, `created_at`) VALUES (74, 52, 95, 'Sed mollitia est in et aut eos et. Necessitatibus maiores voluptas repellendus deserunt est vel vel. Temporibus vel a ipsum cumque autem.', 0, 0, '1993-05-02 18:53:31');
INSERT INTO `messages` (`id`, `from_user_id`, `to_user_id`, `body`, `is_important`, `is_delivered`, `created_at`) VALUES (75, 76, 93, 'Esse voluptas illum maiores. In ut aliquid ea et soluta. A sed sit ut nihil veniam nihil omnis ratione. Est aliquam aliquam est quasi.', 1, 0, '1988-04-21 05:32:52');
INSERT INTO `messages` (`id`, `from_user_id`, `to_user_id`, `body`, `is_important`, `is_delivered`, `created_at`) VALUES (76, 41, 60, 'Iusto dolor et animi aspernatur. Cum consequatur suscipit possimus in ipsa. Non magnam odio beatae voluptas.', 1, 0, '1984-05-17 17:24:40');
INSERT INTO `messages` (`id`, `from_user_id`, `to_user_id`, `body`, `is_important`, `is_delivered`, `created_at`) VALUES (77, 96, 6, 'Quisquam est consequatur in ut quo sequi perferendis. Qui aperiam qui nihil labore et autem. In ut enim enim ratione aut doloremque.', 1, 1, '1979-01-06 18:34:55');
INSERT INTO `messages` (`id`, `from_user_id`, `to_user_id`, `body`, `is_important`, `is_delivered`, `created_at`) VALUES (78, 16, 86, 'Cupiditate magni vel laudantium blanditiis sed similique. Voluptas id laborum illum ut fugiat dicta quo. Minima esse veritatis et dolores magnam. Tempore reiciendis voluptatem quidem nobis aut quis.', 0, 0, '1971-04-13 18:58:59');
INSERT INTO `messages` (`id`, `from_user_id`, `to_user_id`, `body`, `is_important`, `is_delivered`, `created_at`) VALUES (79, 18, 42, 'Omnis cum eius corporis pariatur harum. Aspernatur sed autem cupiditate voluptas soluta quos qui. Eius animi impedit aut veniam quas repudiandae quia. Ipsum ea dolores et itaque.', 1, 0, '2017-05-14 12:18:00');
INSERT INTO `messages` (`id`, `from_user_id`, `to_user_id`, `body`, `is_important`, `is_delivered`, `created_at`) VALUES (80, 83, 97, 'Labore laudantium architecto magni maxime repudiandae ab eos. Velit ut doloremque dolorem quis dolorem suscipit possimus praesentium. Atque quas possimus quisquam quia placeat.', 1, 0, '2010-07-26 22:40:04');
INSERT INTO `messages` (`id`, `from_user_id`, `to_user_id`, `body`, `is_important`, `is_delivered`, `created_at`) VALUES (81, 94, 27, 'In animi dolore corporis reiciendis voluptates delectus. Id quam tempora aut facere delectus quia. Commodi voluptatem voluptatibus fugiat ad voluptatem.', 0, 0, '2003-09-18 03:41:26');
INSERT INTO `messages` (`id`, `from_user_id`, `to_user_id`, `body`, `is_important`, `is_delivered`, `created_at`) VALUES (82, 47, 6, 'Dicta suscipit consequatur quod. Distinctio illum impedit repellat voluptatibus.', 1, 0, '1995-10-24 15:23:46');
INSERT INTO `messages` (`id`, `from_user_id`, `to_user_id`, `body`, `is_important`, `is_delivered`, `created_at`) VALUES (83, 70, 76, 'Vel amet voluptas quo sapiente facere voluptatibus inventore. Nulla incidunt hic quod ut voluptas porro ut. Voluptatum magnam occaecati vitae accusamus est.', 1, 1, '2017-06-29 22:44:58');
INSERT INTO `messages` (`id`, `from_user_id`, `to_user_id`, `body`, `is_important`, `is_delivered`, `created_at`) VALUES (84, 85, 59, 'Sed exercitationem dolores et et deleniti. Temporibus sed est quos enim harum est ad. Nisi magni quod quis velit hic. Magnam quaerat natus dolor eos unde.', 0, 0, '2011-07-18 21:04:29');
INSERT INTO `messages` (`id`, `from_user_id`, `to_user_id`, `body`, `is_important`, `is_delivered`, `created_at`) VALUES (85, 81, 92, 'Nostrum et nostrum nisi possimus at. Dolorem eveniet officiis voluptas doloremque vitae consequatur numquam.', 1, 0, '1981-03-11 23:07:43');
INSERT INTO `messages` (`id`, `from_user_id`, `to_user_id`, `body`, `is_important`, `is_delivered`, `created_at`) VALUES (86, 22, 0, 'Ea recusandae architecto id aspernatur ad. Iste recusandae quis et voluptas provident. Qui provident et libero voluptatibus eum maxime. Qui ut tenetur dicta illum non aut vitae.', 0, 0, '2010-11-17 19:28:42');
INSERT INTO `messages` (`id`, `from_user_id`, `to_user_id`, `body`, `is_important`, `is_delivered`, `created_at`) VALUES (87, 4, 40, 'Quam omnis non quod et qui cumque ut. Repudiandae ducimus necessitatibus expedita ut ipsa. Et corporis laboriosam et nam rerum iste. Consequatur perferendis voluptatem repellat cupiditate eos at.', 1, 1, '1993-05-16 07:39:28');
INSERT INTO `messages` (`id`, `from_user_id`, `to_user_id`, `body`, `is_important`, `is_delivered`, `created_at`) VALUES (88, 86, 89, 'Nobis voluptas doloremque earum itaque quas reprehenderit. Non voluptatum esse dolorem ipsa recusandae ut corrupti. In ullam sint officiis exercitationem aut assumenda.', 0, 1, '1996-07-10 12:11:03');
INSERT INTO `messages` (`id`, `from_user_id`, `to_user_id`, `body`, `is_important`, `is_delivered`, `created_at`) VALUES (89, 50, 79, 'Id et nihil non voluptas consequuntur. Et repudiandae repudiandae possimus voluptatem molestias repellendus in voluptatem. Et occaecati in provident quasi earum.', 1, 0, '1985-09-29 21:01:27');
INSERT INTO `messages` (`id`, `from_user_id`, `to_user_id`, `body`, `is_important`, `is_delivered`, `created_at`) VALUES (90, 53, 10, 'Odio impedit fugit quis mollitia asperiores eius nisi non. Voluptatum dignissimos est id reprehenderit. Non qui rem labore magnam. Commodi vel quos exercitationem placeat debitis et.', 1, 0, '1999-01-15 10:39:18');
INSERT INTO `messages` (`id`, `from_user_id`, `to_user_id`, `body`, `is_important`, `is_delivered`, `created_at`) VALUES (91, 79, 77, 'Atque laudantium nostrum iusto accusamus rerum. Laboriosam aliquid ea rem ipsa laudantium quia quo. Molestias dolore vel est sapiente officiis sit quia.', 0, 1, '2018-01-28 09:51:49');
INSERT INTO `messages` (`id`, `from_user_id`, `to_user_id`, `body`, `is_important`, `is_delivered`, `created_at`) VALUES (92, 49, 38, 'Officia aut nulla quo corrupti explicabo laboriosam voluptatum libero. In veniam eveniet nam et rerum voluptatum quod. Fugiat debitis aut rerum dolor.', 0, 1, '2019-11-30 04:29:51');
INSERT INTO `messages` (`id`, `from_user_id`, `to_user_id`, `body`, `is_important`, `is_delivered`, `created_at`) VALUES (93, 39, 71, 'Non aut dolore quisquam perferendis. Beatae ab commodi dolor in qui. Dolor excepturi quaerat cum sunt fuga suscipit animi. Iste perferendis dolores sunt ex perspiciatis sunt. Vero dolore commodi qui quaerat et.', 1, 0, '1989-06-13 13:49:36');
INSERT INTO `messages` (`id`, `from_user_id`, `to_user_id`, `body`, `is_important`, `is_delivered`, `created_at`) VALUES (94, 4, 60, 'Esse mollitia ut sed dolores. Beatae omnis consequatur inventore amet libero animi blanditiis. Aut dolorum culpa incidunt deserunt. Aliquam eveniet adipisci sunt voluptates.', 1, 0, '2015-06-08 00:32:23');
INSERT INTO `messages` (`id`, `from_user_id`, `to_user_id`, `body`, `is_important`, `is_delivered`, `created_at`) VALUES (95, 5, 18, 'Occaecati eius placeat quia aperiam maxime perferendis. Iure saepe ipsum aperiam consequatur tempora ut ut.', 1, 0, '2005-06-11 17:01:21');
INSERT INTO `messages` (`id`, `from_user_id`, `to_user_id`, `body`, `is_important`, `is_delivered`, `created_at`) VALUES (96, 13, 35, 'Non debitis et quia. Perferendis quis dolores quia ea quibusdam aliquam aperiam sit. Consequuntur iure corporis cum in dolores sit.', 1, 0, '1993-01-27 05:00:26');
INSERT INTO `messages` (`id`, `from_user_id`, `to_user_id`, `body`, `is_important`, `is_delivered`, `created_at`) VALUES (97, 71, 78, 'Tenetur voluptatem unde illum deleniti non animi. Iste dignissimos et ut. Porro consequatur placeat inventore id aut sit aut. Velit ut voluptatem quidem vero. Et molestias dolores minus occaecati voluptatem qui.', 0, 1, '1978-10-17 12:40:03');
INSERT INTO `messages` (`id`, `from_user_id`, `to_user_id`, `body`, `is_important`, `is_delivered`, `created_at`) VALUES (98, 36, 56, 'Totam eos sit accusantium tenetur. Fuga sapiente eveniet consectetur aliquid. Dolorum incidunt aut est est iste et. Ex rerum quasi quam omnis est laudantium.', 0, 1, '1993-04-04 23:33:02');
INSERT INTO `messages` (`id`, `from_user_id`, `to_user_id`, `body`, `is_important`, `is_delivered`, `created_at`) VALUES (99, 17, 84, 'Dignissimos ipsam culpa voluptatem ullam. Amet id et perspiciatis perspiciatis dolores. Reiciendis quia sequi sit ipsa voluptatibus porro. Enim consectetur sequi asperiores repellendus aut ut aut reiciendis. Et odit consequuntur animi soluta voluptas reprehenderit.', 1, 1, '1994-07-24 15:11:52');
INSERT INTO `messages` (`id`, `from_user_id`, `to_user_id`, `body`, `is_important`, `is_delivered`, `created_at`) VALUES (100, 66, 56, 'Temporibus voluptas commodi aut cum quibusdam. Voluptates unde magni aut aut doloremque veniam quod. Ex est ut praesentium at.', 1, 1, '1983-02-14 02:36:03');


#
# TABLE STRUCTURE FOR: posts
#

DROP TABLE IF EXISTS `posts`;

CREATE TABLE `posts` (
  `id` int(10) unsigned NOT NULL AUTO_INCREMENT,
  `author_id` int(10) unsigned NOT NULL,
  `body` text COLLATE utf8_unicode_ci NOT NULL,
  `media_id` int(10) unsigned NOT NULL,
  `created_at` datetime DEFAULT current_timestamp(),
  `updated_at` datetime DEFAULT current_timestamp() ON UPDATE current_timestamp(),
  PRIMARY KEY (`id`)
) ENGINE=InnoDB AUTO_INCREMENT=101 DEFAULT CHARSET=utf8 COLLATE=utf8_unicode_ci;

INSERT INTO `posts` (`id`, `author_id`, `body`, `media_id`, `created_at`, `updated_at`) VALUES (1, 3, 'Eligendi rem autem eos qui ut cupiditate omnis esse. Placeat laborum aliquid magnam in laboriosam fuga aut. Itaque unde fugiat qui ratione.', 59, '2000-06-24 04:41:22', '1973-12-24 21:54:50');
INSERT INTO `posts` (`id`, `author_id`, `body`, `media_id`, `created_at`, `updated_at`) VALUES (2, 55, 'Et ut nesciunt voluptas aut vitae voluptas veritatis. Unde autem eos molestiae eum qui qui quae. Dolore autem consequuntur nihil ducimus.', 71, '1991-09-26 23:11:19', '1989-06-10 07:21:08');
INSERT INTO `posts` (`id`, `author_id`, `body`, `media_id`, `created_at`, `updated_at`) VALUES (3, 25, 'Exercitationem mollitia dicta repellat ipsam maiores dolorem. Quia est dolorem vitae atque qui provident mollitia.', 21, '2011-11-23 19:00:57', '1978-08-28 09:17:17');
INSERT INTO `posts` (`id`, `author_id`, `body`, `media_id`, `created_at`, `updated_at`) VALUES (4, 1, 'Corporis illo et voluptates quo voluptatem molestiae odit. Inventore officiis et expedita optio repudiandae iusto quos.', 17, '2018-08-25 02:17:20', '2001-04-29 14:25:38');
INSERT INTO `posts` (`id`, `author_id`, `body`, `media_id`, `created_at`, `updated_at`) VALUES (5, 5, 'Libero est numquam beatae adipisci laudantium. Asperiores assumenda cum voluptatum rerum iure voluptatem. Voluptates cum deleniti sint quisquam atque veniam porro. Laboriosam voluptatibus sint sint.', 0, '1983-11-27 07:34:04', '1976-11-26 23:54:10');
INSERT INTO `posts` (`id`, `author_id`, `body`, `media_id`, `created_at`, `updated_at`) VALUES (6, 20, 'Quas quae qui autem natus. Odio cumque quos dolores error. Tempora error vel ut ut sed provident exercitationem porro. Aut praesentium sint quia consequatur.', 16, '1985-04-05 06:40:11', '1980-09-03 18:59:03');
INSERT INTO `posts` (`id`, `author_id`, `body`, `media_id`, `created_at`, `updated_at`) VALUES (7, 33, 'Tenetur eius qui et atque ut labore qui exercitationem. Et ut et vel deserunt hic est aut tempore. Cupiditate qui pariatur in et exercitationem quo maiores facere.', 50, '2013-06-29 10:48:42', '1989-08-09 15:50:57');
INSERT INTO `posts` (`id`, `author_id`, `body`, `media_id`, `created_at`, `updated_at`) VALUES (8, 73, 'Sed ut et unde ut aut ea sint. Molestias nesciunt exercitationem nihil est et. Possimus aliquam aut tempora animi alias.', 90, '2007-02-18 00:40:48', '1976-06-26 06:54:36');
INSERT INTO `posts` (`id`, `author_id`, `body`, `media_id`, `created_at`, `updated_at`) VALUES (9, 68, 'Ut qui sequi veniam est. Sunt consequuntur sint ut veritatis vero reiciendis. Deserunt dolor nobis ab eos esse dolore magni qui.', 44, '1983-05-26 22:06:53', '1988-11-22 17:57:53');
INSERT INTO `posts` (`id`, `author_id`, `body`, `media_id`, `created_at`, `updated_at`) VALUES (10, 99, 'Eius et et qui accusantium. Cupiditate sed consequatur modi voluptatem accusamus. Sapiente aut nemo nihil iusto veritatis eos. Cumque similique reprehenderit voluptatum necessitatibus.', 88, '2017-09-18 00:00:29', '1999-09-20 16:43:33');
INSERT INTO `posts` (`id`, `author_id`, `body`, `media_id`, `created_at`, `updated_at`) VALUES (11, 37, 'Impedit doloremque enim cumque. Sequi optio a laborum omnis doloremque blanditiis. Molestiae assumenda aut et voluptates aliquam sequi optio.', 22, '2019-03-03 07:44:30', '1978-03-29 04:52:24');
INSERT INTO `posts` (`id`, `author_id`, `body`, `media_id`, `created_at`, `updated_at`) VALUES (12, 35, 'Et earum accusamus qui non nihil quia consequuntur aliquid. Tenetur natus hic ducimus veritatis. Et veritatis similique et praesentium occaecati.', 90, '1999-02-21 21:25:23', '1982-03-12 19:33:17');
INSERT INTO `posts` (`id`, `author_id`, `body`, `media_id`, `created_at`, `updated_at`) VALUES (13, 37, 'Iste eum necessitatibus quos nemo. A cumque in explicabo sint magnam maxime. A eaque et ipsam.', 50, '1974-05-05 07:14:54', '1975-03-12 17:29:54');
INSERT INTO `posts` (`id`, `author_id`, `body`, `media_id`, `created_at`, `updated_at`) VALUES (14, 99, 'Totam adipisci ipsa sequi voluptas aperiam ad quia. Officiis eos velit omnis fuga vel et. Qui sed et qui aut non dolores. Cum recusandae debitis nam et ipsam ab non.', 6, '2001-02-28 06:53:52', '2014-02-22 09:09:55');
INSERT INTO `posts` (`id`, `author_id`, `body`, `media_id`, `created_at`, `updated_at`) VALUES (15, 38, 'Labore quis dolorem ut molestias vel. Quasi expedita sint praesentium hic cupiditate a aspernatur ipsam. Et sapiente dolor ducimus saepe. Fugiat ut quam ad dolor in.', 22, '2019-03-28 01:47:40', '1980-05-29 13:30:21');
INSERT INTO `posts` (`id`, `author_id`, `body`, `media_id`, `created_at`, `updated_at`) VALUES (16, 69, 'Possimus quia vero dolore ex. Voluptas deleniti accusamus quaerat qui totam. Recusandae perspiciatis sint possimus in.', 20, '2019-07-18 13:10:06', '1973-05-22 17:50:57');
INSERT INTO `posts` (`id`, `author_id`, `body`, `media_id`, `created_at`, `updated_at`) VALUES (17, 27, 'Rem quam dolor vel corrupti. Tenetur et et earum et. Quos illo similique quidem.', 74, '2009-09-10 13:24:09', '1999-02-20 09:07:40');
INSERT INTO `posts` (`id`, `author_id`, `body`, `media_id`, `created_at`, `updated_at`) VALUES (18, 63, 'Sint adipisci aperiam saepe aut rerum corporis pariatur. Ut voluptatibus quia dignissimos nam aut accusamus. Placeat beatae voluptatem quisquam enim enim nobis aut. Ut rerum voluptatibus facere dolores placeat tempore dolor.', 46, '1978-07-29 06:20:41', '2018-03-09 10:34:24');
INSERT INTO `posts` (`id`, `author_id`, `body`, `media_id`, `created_at`, `updated_at`) VALUES (19, 80, 'Dignissimos consequatur qui nobis natus dolores odit. In incidunt ullam dolores alias doloribus quae. Aut voluptates sit et molestias id vel ipsam nihil.', 61, '1988-12-06 04:15:02', '2017-07-08 23:26:37');
INSERT INTO `posts` (`id`, `author_id`, `body`, `media_id`, `created_at`, `updated_at`) VALUES (20, 44, 'Saepe quae doloremque atque sunt est. Doloribus asperiores et reiciendis. Ut dolor vel repudiandae nihil eligendi. Dicta mollitia hic inventore consequuntur omnis.', 6, '1987-11-02 19:03:18', '2005-02-05 23:57:23');
INSERT INTO `posts` (`id`, `author_id`, `body`, `media_id`, `created_at`, `updated_at`) VALUES (21, 18, 'Amet necessitatibus laudantium praesentium sit sint ut laboriosam magni. Voluptate unde recusandae nulla cum cupiditate sed quaerat incidunt. Qui rerum assumenda quasi voluptatem aspernatur.', 24, '2018-06-26 05:29:47', '2003-08-22 11:28:47');
INSERT INTO `posts` (`id`, `author_id`, `body`, `media_id`, `created_at`, `updated_at`) VALUES (22, 95, 'Earum quidem distinctio ducimus consequatur dolores. Ut atque error velit officiis eos aperiam. Totam numquam sint quia qui sed occaecati corporis.', 1, '1989-03-25 11:46:46', '2009-08-11 22:14:40');
INSERT INTO `posts` (`id`, `author_id`, `body`, `media_id`, `created_at`, `updated_at`) VALUES (23, 20, 'Non porro quis eum perferendis. Et laboriosam fugiat illo quisquam magni. Quia nisi ipsa natus vitae quia. Nobis quibusdam consectetur magnam ea magni cum placeat nihil. Rerum optio quam magni.', 91, '1989-09-28 00:07:54', '1971-06-02 13:52:38');
INSERT INTO `posts` (`id`, `author_id`, `body`, `media_id`, `created_at`, `updated_at`) VALUES (24, 7, 'Perferendis maxime aut quas nihil. Saepe dolores tempora est deserunt ipsam minus accusantium. Autem nemo et voluptas sed molestiae necessitatibus. Iste sed beatae eos soluta tenetur. Sit dolorem libero voluptates earum delectus voluptatibus placeat rerum.', 61, '1974-05-30 14:30:14', '2004-03-02 05:59:24');
INSERT INTO `posts` (`id`, `author_id`, `body`, `media_id`, `created_at`, `updated_at`) VALUES (25, 43, 'Magnam velit itaque labore qui deleniti. Fuga velit reiciendis cupiditate est illo eligendi. Enim officia voluptatem in delectus.', 23, '2005-09-19 17:17:20', '1995-11-03 18:42:23');
INSERT INTO `posts` (`id`, `author_id`, `body`, `media_id`, `created_at`, `updated_at`) VALUES (26, 95, 'Placeat sed qui nihil incidunt amet distinctio. Voluptatem totam ratione sint voluptatem accusantium. Nam nihil minima dolores vel dignissimos possimus beatae unde. Voluptatem libero occaecati rerum perferendis sed porro.', 48, '1981-08-25 12:16:49', '1980-03-26 02:15:12');
INSERT INTO `posts` (`id`, `author_id`, `body`, `media_id`, `created_at`, `updated_at`) VALUES (27, 10, 'Est odio at neque. Earum officiis exercitationem accusamus quisquam dolore eum est. Neque quis laborum odio possimus. Consequatur quas minima iste minus magni molestias voluptatem.', 57, '1985-08-09 06:49:52', '1974-05-25 17:24:25');
INSERT INTO `posts` (`id`, `author_id`, `body`, `media_id`, `created_at`, `updated_at`) VALUES (28, 64, 'Ipsum doloremque ad cumque nemo incidunt rerum. Dicta recusandae et nobis dolor ipsum quis. Ea quo est ratione quaerat. Nam dolorum consectetur impedit temporibus animi sed.', 92, '1976-10-06 16:43:47', '1986-12-04 20:24:41');
INSERT INTO `posts` (`id`, `author_id`, `body`, `media_id`, `created_at`, `updated_at`) VALUES (29, 43, 'Assumenda consequatur aut possimus rerum ut officia vero. Asperiores laborum consequuntur quis tenetur totam et.', 52, '2008-04-02 14:53:54', '1979-06-20 11:57:01');
INSERT INTO `posts` (`id`, `author_id`, `body`, `media_id`, `created_at`, `updated_at`) VALUES (30, 64, 'Inventore molestiae ipsam omnis sit qui. Similique eum nemo omnis quis. Hic iure officiis aut quas unde modi fugiat neque. Est nostrum minima id molestiae accusamus quibusdam asperiores.', 42, '2012-04-16 04:08:41', '2004-07-09 12:50:17');
INSERT INTO `posts` (`id`, `author_id`, `body`, `media_id`, `created_at`, `updated_at`) VALUES (31, 9, 'Blanditiis atque mollitia a quia rem ipsa. Amet et praesentium sunt reprehenderit temporibus. Aliquam eius nostrum eius natus rerum id.', 24, '2012-07-17 05:18:44', '2000-02-17 09:41:34');
INSERT INTO `posts` (`id`, `author_id`, `body`, `media_id`, `created_at`, `updated_at`) VALUES (32, 25, 'Beatae beatae ullam aut voluptatem voluptates. Vitae provident doloremque est molestias voluptas molestias consequatur. Aspernatur non vero amet adipisci doloribus laborum nam.', 18, '2014-05-07 22:28:19', '1997-12-08 04:59:46');
INSERT INTO `posts` (`id`, `author_id`, `body`, `media_id`, `created_at`, `updated_at`) VALUES (33, 93, 'Laudantium et autem tempora molestias quo vel minus sunt. Et minima cum dolores voluptates fugiat tempore sapiente blanditiis. Eum adipisci dolorem dolor. Consequatur ut odio necessitatibus in est.', 43, '1972-01-13 17:31:17', '2006-10-15 21:26:01');
INSERT INTO `posts` (`id`, `author_id`, `body`, `media_id`, `created_at`, `updated_at`) VALUES (34, 57, 'Ipsam architecto culpa labore eligendi hic ab. Id tempore nobis eligendi. Suscipit expedita assumenda et explicabo ducimus nobis. Omnis sint et omnis aspernatur hic aut.', 100, '2015-08-10 19:21:14', '1988-10-21 11:10:55');
INSERT INTO `posts` (`id`, `author_id`, `body`, `media_id`, `created_at`, `updated_at`) VALUES (35, 12, 'Saepe hic cumque dolores modi corporis consequatur quia. Veritatis enim dicta ipsam dolor odit. Et quidem quod quam ad. Vitae nihil nobis et ea sint. Tempore consequatur fugiat repellendus ab neque aut.', 75, '2008-05-31 19:17:25', '2009-08-28 13:35:30');
INSERT INTO `posts` (`id`, `author_id`, `body`, `media_id`, `created_at`, `updated_at`) VALUES (36, 58, 'Cum necessitatibus eius in sunt. Laborum facere assumenda veritatis possimus sequi. Perferendis in incidunt aut occaecati eos ut. Voluptatem quia at quia nihil quas officia quo praesentium.', 28, '1998-02-16 19:22:03', '1980-04-02 18:51:07');
INSERT INTO `posts` (`id`, `author_id`, `body`, `media_id`, `created_at`, `updated_at`) VALUES (37, 70, 'Rerum minus accusamus consequatur possimus. Vitae eos sequi corrupti molestias. Esse dolore quis sit rerum sed natus.', 49, '2004-04-23 08:19:15', '1975-12-30 14:33:44');
INSERT INTO `posts` (`id`, `author_id`, `body`, `media_id`, `created_at`, `updated_at`) VALUES (38, 22, 'Eos voluptate ut quibusdam libero quia consectetur. Qui voluptatum provident enim repudiandae voluptates ullam. Ea iure sed quo et. Illo unde quos facere totam.', 82, '1992-07-11 09:15:10', '1987-10-17 04:15:53');
INSERT INTO `posts` (`id`, `author_id`, `body`, `media_id`, `created_at`, `updated_at`) VALUES (39, 40, 'Odio et quia voluptatum dolor. Dolore nisi provident ipsum sit similique. Quisquam ea sint molestias. Culpa natus suscipit ab nam nesciunt est iusto.', 62, '2019-10-02 22:33:16', '1986-08-11 13:37:20');
INSERT INTO `posts` (`id`, `author_id`, `body`, `media_id`, `created_at`, `updated_at`) VALUES (40, 1, 'Asperiores in expedita ea officia sapiente. Est ducimus quisquam molestiae dicta error quia. Dignissimos libero aut maiores unde est. Beatae consequuntur nam et laborum rem.', 9, '2017-11-30 16:38:48', '1990-07-31 16:19:15');
INSERT INTO `posts` (`id`, `author_id`, `body`, `media_id`, `created_at`, `updated_at`) VALUES (41, 27, 'Sed numquam nam corporis in dolore. Aut et ducimus recusandae vel sed commodi et. Corrupti qui et molestiae et.', 40, '1997-08-10 05:17:12', '1979-06-06 19:38:15');
INSERT INTO `posts` (`id`, `author_id`, `body`, `media_id`, `created_at`, `updated_at`) VALUES (42, 38, 'Voluptatem rerum qui aut molestias ducimus et quasi. Ut illo a ipsa ullam distinctio. Illum sit eligendi a ea nobis aut et.', 51, '1973-10-25 13:37:17', '1970-02-15 18:00:46');
INSERT INTO `posts` (`id`, `author_id`, `body`, `media_id`, `created_at`, `updated_at`) VALUES (43, 60, 'Ad perspiciatis aspernatur deleniti impedit et ex. In et ullam cupiditate omnis et. Fuga ut ad deserunt.', 2, '1975-03-18 03:56:20', '2001-02-15 01:20:54');
INSERT INTO `posts` (`id`, `author_id`, `body`, `media_id`, `created_at`, `updated_at`) VALUES (44, 78, 'Illo vel reiciendis repellendus dolor. Veritatis aut labore cumque autem tenetur.', 4, '2013-08-08 21:00:22', '2016-03-07 18:08:34');
INSERT INTO `posts` (`id`, `author_id`, `body`, `media_id`, `created_at`, `updated_at`) VALUES (45, 8, 'Illum modi eaque tempora. Et saepe ipsam hic saepe sequi perspiciatis itaque. Harum harum corrupti fugiat itaque fuga. Occaecati placeat commodi alias excepturi odit.', 23, '2014-08-30 13:22:09', '2009-05-07 10:30:10');
INSERT INTO `posts` (`id`, `author_id`, `body`, `media_id`, `created_at`, `updated_at`) VALUES (46, 6, 'Sed id autem perferendis doloribus aliquam. Corporis voluptas et ipsa ut sunt ut. Facilis et id cum maxime rem dolor. Et fuga eum eius eveniet est eius.', 79, '2013-08-27 23:57:51', '1980-05-10 03:41:06');
INSERT INTO `posts` (`id`, `author_id`, `body`, `media_id`, `created_at`, `updated_at`) VALUES (47, 2, 'Provident alias dolorum cumque necessitatibus aliquam at doloribus. Nemo ipsa ratione aut ipsa consequatur fugit consequuntur.', 0, '1994-03-28 00:55:15', '1993-06-25 10:34:14');
INSERT INTO `posts` (`id`, `author_id`, `body`, `media_id`, `created_at`, `updated_at`) VALUES (48, 70, 'Consequatur repellat aliquam et. Velit quis officiis ut ut. Eos reiciendis temporibus magni assumenda rerum sed pariatur.', 80, '2013-06-11 18:03:27', '1976-04-11 16:01:45');
INSERT INTO `posts` (`id`, `author_id`, `body`, `media_id`, `created_at`, `updated_at`) VALUES (49, 13, 'Excepturi quaerat consectetur delectus accusantium in nisi ut quia. Dignissimos laborum nisi consequuntur. Amet est magni molestiae et. Facilis dolorem et provident qui eos et laborum velit.', 88, '1980-02-25 00:10:01', '1996-12-31 04:21:46');
INSERT INTO `posts` (`id`, `author_id`, `body`, `media_id`, `created_at`, `updated_at`) VALUES (50, 1, 'Numquam possimus error velit ut nemo nobis. Dicta cupiditate dicta nobis.', 49, '1999-12-12 11:37:45', '2019-09-02 22:16:33');
INSERT INTO `posts` (`id`, `author_id`, `body`, `media_id`, `created_at`, `updated_at`) VALUES (51, 59, 'Suscipit minima sit fuga est illum. Optio ut ipsa odit ad maiores voluptas numquam sunt. Eius rem maiores optio excepturi.', 95, '2000-03-06 01:40:22', '1980-03-20 12:18:31');
INSERT INTO `posts` (`id`, `author_id`, `body`, `media_id`, `created_at`, `updated_at`) VALUES (52, 23, 'Nisi sed veritatis vero nihil eos. Sed voluptate qui eos quis. Corporis rerum maxime laudantium non corrupti. Voluptates occaecati possimus modi et. Ex cum ipsam magnam minus magnam provident officia dignissimos.', 19, '2015-05-12 00:27:12', '2015-04-20 08:24:32');
INSERT INTO `posts` (`id`, `author_id`, `body`, `media_id`, `created_at`, `updated_at`) VALUES (53, 72, 'Impedit ipsa est sint odio distinctio nulla quia. Illum distinctio fugit qui commodi. Aut rerum magnam labore fugit sequi voluptates adipisci. Rerum praesentium earum qui non esse id.', 77, '1998-03-19 21:50:56', '2014-04-11 02:04:02');
INSERT INTO `posts` (`id`, `author_id`, `body`, `media_id`, `created_at`, `updated_at`) VALUES (54, 50, 'Maiores excepturi nam voluptatem iusto repellat voluptatem ut. Debitis reiciendis sed id laudantium sunt deserunt. Alias rerum pariatur nam qui rerum laborum id. Iste possimus provident eum esse voluptatem aut.', 77, '2000-03-05 03:03:41', '1970-03-12 02:29:18');
INSERT INTO `posts` (`id`, `author_id`, `body`, `media_id`, `created_at`, `updated_at`) VALUES (55, 67, 'Qui alias architecto voluptates id et rerum. Doloremque eum unde voluptate nihil sunt minima. Voluptatibus qui optio veritatis id eveniet fuga veniam.', 13, '2007-07-14 23:32:03', '1998-08-26 18:32:23');
INSERT INTO `posts` (`id`, `author_id`, `body`, `media_id`, `created_at`, `updated_at`) VALUES (56, 47, 'Vero est quas asperiores corporis saepe. Dignissimos est dignissimos magni veniam voluptas sit. Accusamus temporibus iste laudantium dolore asperiores doloribus quia beatae. Quia consequatur voluptatem nulla aut corrupti reiciendis nisi.', 62, '2017-09-22 13:00:24', '1988-10-10 11:54:21');
INSERT INTO `posts` (`id`, `author_id`, `body`, `media_id`, `created_at`, `updated_at`) VALUES (57, 71, 'Itaque vel quae quod incidunt eos amet. Occaecati consequuntur fugit pariatur quia quis.', 74, '1987-07-26 01:19:07', '2002-07-28 14:00:21');
INSERT INTO `posts` (`id`, `author_id`, `body`, `media_id`, `created_at`, `updated_at`) VALUES (58, 15, 'Officia illum autem est commodi. Magni doloribus earum ut.', 1, '1995-01-31 13:10:40', '2007-01-25 14:05:09');
INSERT INTO `posts` (`id`, `author_id`, `body`, `media_id`, `created_at`, `updated_at`) VALUES (59, 91, 'Rerum laudantium unde consectetur ut reiciendis iusto libero ut. Enim voluptates natus vel aut beatae sed. Nobis quaerat necessitatibus porro adipisci. Perferendis autem qui iste placeat.', 71, '2005-07-04 22:45:34', '2006-04-12 06:23:01');
INSERT INTO `posts` (`id`, `author_id`, `body`, `media_id`, `created_at`, `updated_at`) VALUES (60, 46, 'Aut qui aut quasi rerum aspernatur sint aliquid. Suscipit quos itaque nesciunt aspernatur. Aut rerum cumque omnis tenetur veniam voluptatum.', 54, '1984-06-02 15:14:54', '1978-06-18 06:41:08');
INSERT INTO `posts` (`id`, `author_id`, `body`, `media_id`, `created_at`, `updated_at`) VALUES (61, 89, 'Nihil earum et at ut dolore. Et ad expedita molestiae mollitia consectetur minima. Illo laudantium est voluptatum cum ut blanditiis.', 53, '1994-03-17 15:01:30', '2016-11-21 23:17:17');
INSERT INTO `posts` (`id`, `author_id`, `body`, `media_id`, `created_at`, `updated_at`) VALUES (62, 28, 'Consequuntur enim aut vel dolores aspernatur cumque excepturi. Aut perferendis esse aspernatur omnis harum voluptate voluptates accusamus. Et in illo pariatur est.', 83, '1995-03-06 04:57:45', '1983-10-12 18:07:03');
INSERT INTO `posts` (`id`, `author_id`, `body`, `media_id`, `created_at`, `updated_at`) VALUES (63, 88, 'Labore atque dolorem praesentium. Et non tempora et asperiores. Aut optio in nisi. Assumenda nobis hic omnis repudiandae omnis asperiores est.', 38, '2010-01-31 16:39:13', '1972-05-06 13:08:11');
INSERT INTO `posts` (`id`, `author_id`, `body`, `media_id`, `created_at`, `updated_at`) VALUES (64, 94, 'Quod nesciunt ad iure explicabo facilis esse. Ullam sequi atque totam commodi aut. Aspernatur quo nihil asperiores modi.', 79, '1998-11-20 10:50:26', '2012-06-29 02:55:29');
INSERT INTO `posts` (`id`, `author_id`, `body`, `media_id`, `created_at`, `updated_at`) VALUES (65, 72, 'At impedit voluptatem nulla. Sit velit cumque animi aliquid adipisci illo. Sed sunt vel possimus labore. Qui consequatur eius voluptatem ea praesentium. Dicta reprehenderit et laboriosam quod nobis.', 66, '1988-02-02 07:55:52', '2016-06-04 16:27:01');
INSERT INTO `posts` (`id`, `author_id`, `body`, `media_id`, `created_at`, `updated_at`) VALUES (66, 2, 'Blanditiis atque delectus qui facilis. Voluptas commodi expedita magnam quisquam nobis fugit inventore. Atque eligendi hic error voluptas ut nam maxime. Eveniet optio asperiores non quaerat est quibusdam.', 83, '1975-06-30 01:03:39', '1995-02-11 01:55:19');
INSERT INTO `posts` (`id`, `author_id`, `body`, `media_id`, `created_at`, `updated_at`) VALUES (67, 6, 'Tempore quod sapiente exercitationem quasi quos veniam deleniti. Facere adipisci consequatur et aut ut incidunt velit. Voluptatibus inventore amet asperiores fugit. Quibusdam qui tempora laudantium beatae sequi nesciunt delectus.', 82, '1982-03-19 18:54:40', '1970-08-13 23:18:51');
INSERT INTO `posts` (`id`, `author_id`, `body`, `media_id`, `created_at`, `updated_at`) VALUES (68, 36, 'Sint adipisci voluptatum totam minima nihil voluptatem pariatur. Eligendi delectus inventore soluta eum. Aliquid et sit qui repellendus vel eaque aperiam.', 91, '2011-04-25 18:43:02', '1975-05-05 02:17:49');
INSERT INTO `posts` (`id`, `author_id`, `body`, `media_id`, `created_at`, `updated_at`) VALUES (69, 36, 'Mollitia qui quis nobis explicabo recusandae voluptas sapiente. Harum ut fuga distinctio nobis. Velit consequuntur voluptate architecto dolor dolor qui.', 75, '1990-05-03 17:21:28', '1995-06-27 21:32:51');
INSERT INTO `posts` (`id`, `author_id`, `body`, `media_id`, `created_at`, `updated_at`) VALUES (70, 73, 'Repudiandae quis maxime repudiandae iusto. Non cumque omnis alias sed culpa a sit. Voluptate nihil architecto harum qui fugit.', 18, '1998-09-01 18:53:19', '2007-03-17 04:33:04');
INSERT INTO `posts` (`id`, `author_id`, `body`, `media_id`, `created_at`, `updated_at`) VALUES (71, 20, 'Dolor aliquam aliquid ut aut quos. Quae deleniti et suscipit possimus. Quis ut voluptatum sunt eos occaecati alias sequi.', 89, '1987-08-06 12:36:33', '2002-07-07 13:54:28');
INSERT INTO `posts` (`id`, `author_id`, `body`, `media_id`, `created_at`, `updated_at`) VALUES (72, 36, 'Est qui eligendi aut voluptatem harum id. Beatae quia aliquam fugiat numquam. Iure officia iste perspiciatis ut non. Maiores maiores non eum quae alias sit rerum.', 78, '1992-12-21 08:27:14', '1979-05-11 14:55:21');
INSERT INTO `posts` (`id`, `author_id`, `body`, `media_id`, `created_at`, `updated_at`) VALUES (73, 79, 'Quia id at omnis rerum eum quaerat molestiae. Qui aut harum eos. Quis dolorem debitis minima earum et placeat aut. Et sint sit eius illo qui.', 88, '1974-09-23 08:37:07', '1992-03-08 12:48:04');
INSERT INTO `posts` (`id`, `author_id`, `body`, `media_id`, `created_at`, `updated_at`) VALUES (74, 48, 'Et sequi ut vel possimus totam architecto et. Modi aperiam est dolore quo delectus. Et incidunt natus vero ut et ex saepe totam. Soluta autem ipsum perspiciatis velit cupiditate facilis sed.', 63, '1983-02-11 15:17:10', '1976-05-20 14:43:20');
INSERT INTO `posts` (`id`, `author_id`, `body`, `media_id`, `created_at`, `updated_at`) VALUES (75, 58, 'Atque nemo qui nulla nesciunt libero et soluta. Quia illo commodi culpa libero ipsum. Totam itaque cum quos id. Nemo neque maiores asperiores fuga aliquam magni.', 21, '2009-05-02 16:10:21', '2001-10-13 16:43:43');
INSERT INTO `posts` (`id`, `author_id`, `body`, `media_id`, `created_at`, `updated_at`) VALUES (76, 26, 'Quia pariatur vitae facilis. Praesentium omnis ea quos eligendi ut quos. Velit et perspiciatis repellendus exercitationem sed. Ut explicabo nulla sunt magni quia dicta consequuntur.', 22, '2019-10-25 18:51:53', '1988-09-21 16:06:07');
INSERT INTO `posts` (`id`, `author_id`, `body`, `media_id`, `created_at`, `updated_at`) VALUES (77, 3, 'Id qui harum fugit vel facere. Ab placeat est sint quis dignissimos sit expedita. Eos ad consectetur voluptatem aut. Corporis iusto et vel ratione.', 75, '1991-04-08 15:34:16', '1987-06-07 19:59:11');
INSERT INTO `posts` (`id`, `author_id`, `body`, `media_id`, `created_at`, `updated_at`) VALUES (78, 4, 'Soluta ut enim et et ut vero dolorem. Fugiat sit quia esse et rerum ducimus. Doloribus voluptatem delectus minus blanditiis aspernatur.', 36, '1972-07-28 21:29:18', '2005-09-25 04:18:27');
INSERT INTO `posts` (`id`, `author_id`, `body`, `media_id`, `created_at`, `updated_at`) VALUES (79, 86, 'Asperiores ex commodi blanditiis sunt velit. Optio corrupti aspernatur velit eos ab est ab neque. Accusamus ducimus vel est quae dolorum perspiciatis occaecati quo. Est voluptate nobis inventore reprehenderit ducimus nulla veniam.', 10, '1976-04-30 19:56:06', '2016-05-05 22:41:47');
INSERT INTO `posts` (`id`, `author_id`, `body`, `media_id`, `created_at`, `updated_at`) VALUES (80, 19, 'Asperiores saepe quia esse nostrum error dolorem. Sequi illum voluptatibus neque. Expedita excepturi architecto ad autem doloremque sint.', 15, '1992-05-03 08:29:39', '1995-05-10 23:14:57');
INSERT INTO `posts` (`id`, `author_id`, `body`, `media_id`, `created_at`, `updated_at`) VALUES (81, 49, 'Repudiandae molestiae non dignissimos quia perferendis nisi aut. Corporis officia a enim repudiandae ea porro. Nihil aut id placeat quibusdam porro iusto mollitia voluptatem. Voluptatem sequi sequi perferendis rerum aut.', 66, '2016-07-31 04:13:33', '1994-10-10 07:13:52');
INSERT INTO `posts` (`id`, `author_id`, `body`, `media_id`, `created_at`, `updated_at`) VALUES (82, 9, 'Ut ipsam molestias vero unde voluptas error qui omnis. Ut doloribus quis cumque est. Sed molestiae et deleniti ut harum.', 95, '2002-12-17 21:09:49', '1991-07-28 18:13:37');
INSERT INTO `posts` (`id`, `author_id`, `body`, `media_id`, `created_at`, `updated_at`) VALUES (83, 29, 'Labore nobis rem est in sit eligendi. Ex laboriosam laborum dolores quas nobis. Recusandae nulla in et recusandae et aperiam qui. A cupiditate nemo quo unde neque doloremque quia.', 32, '1991-12-08 10:08:19', '2009-02-26 05:27:49');
INSERT INTO `posts` (`id`, `author_id`, `body`, `media_id`, `created_at`, `updated_at`) VALUES (84, 41, 'Labore illo ut tenetur sed. Itaque quisquam ab omnis nobis molestiae et. Quo aliquid consequatur culpa debitis.', 89, '2009-06-18 04:39:43', '1979-08-02 22:02:44');
INSERT INTO `posts` (`id`, `author_id`, `body`, `media_id`, `created_at`, `updated_at`) VALUES (85, 42, 'Magnam consequatur velit dolores voluptatem amet velit. Cupiditate repellat voluptatem ducimus ut est. Ipsam sint sunt tempora laborum hic. Modi sed voluptatem illum.', 89, '2000-12-28 00:59:34', '2001-09-09 09:59:16');
INSERT INTO `posts` (`id`, `author_id`, `body`, `media_id`, `created_at`, `updated_at`) VALUES (86, 78, 'Ut occaecati voluptatem inventore aut est repellendus ratione velit. Ratione deserunt ipsum fuga qui praesentium quis nostrum. Voluptatibus esse assumenda officiis deleniti. Magni ducimus natus ratione nisi.', 40, '2004-10-01 03:00:43', '1982-09-06 09:39:14');
INSERT INTO `posts` (`id`, `author_id`, `body`, `media_id`, `created_at`, `updated_at`) VALUES (87, 96, 'Accusamus veritatis quo ratione eum laboriosam placeat eaque. Adipisci omnis aut nesciunt perferendis aut. Voluptas quo vitae rem nesciunt et.', 50, '2015-07-08 12:09:27', '1993-11-08 07:17:44');
INSERT INTO `posts` (`id`, `author_id`, `body`, `media_id`, `created_at`, `updated_at`) VALUES (88, 75, 'Nostrum quis et quia repellat autem tempora. Consectetur nihil dolorem molestiae.', 75, '2010-09-19 10:53:19', '2016-06-05 21:40:24');
INSERT INTO `posts` (`id`, `author_id`, `body`, `media_id`, `created_at`, `updated_at`) VALUES (89, 54, 'Alias voluptatem et at sed. Soluta eaque mollitia natus dolorem quis. Fugit sint illo quis maiores eos.', 11, '1987-03-24 09:54:18', '1989-11-22 13:01:06');
INSERT INTO `posts` (`id`, `author_id`, `body`, `media_id`, `created_at`, `updated_at`) VALUES (90, 2, 'Quos sed rerum aut adipisci enim magnam sit magni. Amet sed laudantium doloremque enim. Perspiciatis est est id soluta nisi expedita dolor.', 37, '2018-09-27 15:53:15', '1987-07-14 17:29:01');
INSERT INTO `posts` (`id`, `author_id`, `body`, `media_id`, `created_at`, `updated_at`) VALUES (91, 39, 'Esse exercitationem consectetur distinctio alias. Aut voluptatem et molestiae qui.', 28, '2013-02-10 21:12:05', '2016-04-09 04:07:37');
INSERT INTO `posts` (`id`, `author_id`, `body`, `media_id`, `created_at`, `updated_at`) VALUES (92, 98, 'Qui sed asperiores pariatur ducimus ut et animi explicabo. Unde recusandae id perferendis ut porro pariatur. Neque porro aut debitis consequatur et.', 75, '2010-11-14 12:20:20', '1991-02-15 20:16:01');
INSERT INTO `posts` (`id`, `author_id`, `body`, `media_id`, `created_at`, `updated_at`) VALUES (93, 61, 'Aut quis beatae maxime. Est quia numquam sapiente magni possimus quis. Aliquam ipsa doloremque quidem vel et.', 30, '1971-09-05 19:02:46', '2006-02-04 20:40:14');
INSERT INTO `posts` (`id`, `author_id`, `body`, `media_id`, `created_at`, `updated_at`) VALUES (94, 4, 'Necessitatibus modi itaque consectetur quas impedit sit officia qui. Et voluptatibus vel maxime. Et magni nemo quidem vel distinctio excepturi.', 73, '1972-10-31 13:59:09', '1982-09-24 01:41:55');
INSERT INTO `posts` (`id`, `author_id`, `body`, `media_id`, `created_at`, `updated_at`) VALUES (95, 88, 'Tenetur qui est est ducimus error aut. Voluptas facilis corporis ea recusandae aut libero sapiente. Placeat quis quod dicta. Tempora corporis est asperiores optio.', 81, '1999-06-18 11:56:52', '2003-01-18 19:51:36');
INSERT INTO `posts` (`id`, `author_id`, `body`, `media_id`, `created_at`, `updated_at`) VALUES (96, 6, 'Magnam vel atque vitae neque. Ut dicta dolor aspernatur. Ipsa velit aliquam voluptates. Aperiam corporis velit natus repellat.', 34, '1987-07-26 07:01:31', '2004-01-25 00:13:39');
INSERT INTO `posts` (`id`, `author_id`, `body`, `media_id`, `created_at`, `updated_at`) VALUES (97, 13, 'Saepe sed expedita non necessitatibus. Reiciendis est et et natus neque.', 48, '2011-05-02 10:14:42', '1993-11-21 13:25:27');
INSERT INTO `posts` (`id`, `author_id`, `body`, `media_id`, `created_at`, `updated_at`) VALUES (98, 80, 'Error corrupti non vero vero omnis tempore. Reiciendis eligendi modi dolores minus ullam. Hic fuga id cumque modi beatae ipsam.', 22, '2009-05-03 12:58:39', '2011-09-25 12:27:54');
INSERT INTO `posts` (`id`, `author_id`, `body`, `media_id`, `created_at`, `updated_at`) VALUES (99, 71, 'Velit quod quos ad. Ut ut aut assumenda totam omnis. Eos molestiae eos natus est rerum incidunt. Ea ut et natus et voluptas.', 62, '1974-10-23 09:23:40', '2008-05-09 20:20:48');
INSERT INTO `posts` (`id`, `author_id`, `body`, `media_id`, `created_at`, `updated_at`) VALUES (100, 91, 'Voluptas voluptatum voluptatibus dolor cumque. Sunt enim aut labore deserunt velit voluptatem quas.', 6, '2006-04-29 05:43:21', '2003-03-06 15:28:35');


#
# TABLE STRUCTURE FOR: profiles
#

DROP TABLE IF EXISTS `profiles`;

CREATE TABLE `profiles` (
  `user_id` int(10) unsigned NOT NULL,
  `birthdate` date DEFAULT NULL,
  `sex` char(1) COLLATE utf8_unicode_ci NOT NULL,
  `hometown` varchar(100) COLLATE utf8_unicode_ci DEFAULT NULL,
  `country` varchar(100) COLLATE utf8_unicode_ci DEFAULT NULL,
  `photo_id` int(10) unsigned DEFAULT NULL,
  `created_at` datetime DEFAULT current_timestamp(),
  `updated_at` datetime DEFAULT current_timestamp() ON UPDATE current_timestamp(),
  PRIMARY KEY (`user_id`)
) ENGINE=InnoDB DEFAULT CHARSET=utf8 COLLATE=utf8_unicode_ci;

INSERT INTO `profiles` (`user_id`, `birthdate`, `sex`, `hometown`, `country`, `photo_id`, `created_at`, `updated_at`) VALUES (0, '2008-10-04', '', 'North Moriahfurt', 'Pakistan', 6, '1981-10-21 09:45:40', '2009-07-31 22:19:20');
INSERT INTO `profiles` (`user_id`, `birthdate`, `sex`, `hometown`, `country`, `photo_id`, `created_at`, `updated_at`) VALUES (1, '1997-11-08', '', 'West Dahliaside', 'Lebanon', 39, '1996-11-07 17:27:09', '1977-07-23 23:27:03');
INSERT INTO `profiles` (`user_id`, `birthdate`, `sex`, `hometown`, `country`, `photo_id`, `created_at`, `updated_at`) VALUES (2, '2007-08-19', '', 'Kasandrashire', 'Switzerland', 57, '1972-02-18 20:35:53', '2001-05-29 14:26:26');
INSERT INTO `profiles` (`user_id`, `birthdate`, `sex`, `hometown`, `country`, `photo_id`, `created_at`, `updated_at`) VALUES (3, '1982-10-22', '', 'East Raulmouth', 'Tajikistan', 52, '2010-05-23 14:38:47', '2007-04-28 19:32:36');
INSERT INTO `profiles` (`user_id`, `birthdate`, `sex`, `hometown`, `country`, `photo_id`, `created_at`, `updated_at`) VALUES (4, '1998-06-30', '', 'Port Linwoodstad', 'Reunion', 79, '2019-04-01 09:20:01', '1997-03-15 08:23:21');
INSERT INTO `profiles` (`user_id`, `birthdate`, `sex`, `hometown`, `country`, `photo_id`, `created_at`, `updated_at`) VALUES (5, '2004-04-13', '', 'Schroederton', 'Turks and Caicos Islands', 21, '1983-12-24 12:28:04', '2000-07-06 12:38:36');
INSERT INTO `profiles` (`user_id`, `birthdate`, `sex`, `hometown`, `country`, `photo_id`, `created_at`, `updated_at`) VALUES (6, '1992-01-13', '', 'West Clotildeland', 'Montserrat', 3, '1983-08-18 08:27:56', '1993-03-30 22:50:52');
INSERT INTO `profiles` (`user_id`, `birthdate`, `sex`, `hometown`, `country`, `photo_id`, `created_at`, `updated_at`) VALUES (7, '1993-10-08', '', 'Luisshire', 'Isle of Man', 30, '2017-01-31 01:03:48', '2015-11-07 03:20:02');
INSERT INTO `profiles` (`user_id`, `birthdate`, `sex`, `hometown`, `country`, `photo_id`, `created_at`, `updated_at`) VALUES (8, '2019-05-06', '', 'Port Willa', 'Bangladesh', 77, '1984-04-03 10:43:34', '1978-07-10 01:23:03');
INSERT INTO `profiles` (`user_id`, `birthdate`, `sex`, `hometown`, `country`, `photo_id`, `created_at`, `updated_at`) VALUES (9, '1984-04-25', '', 'Boyerburgh', 'Cambodia', 19, '1996-08-12 17:02:51', '1980-08-20 19:12:32');
INSERT INTO `profiles` (`user_id`, `birthdate`, `sex`, `hometown`, `country`, `photo_id`, `created_at`, `updated_at`) VALUES (10, '1980-08-20', '', 'Amanishire', 'Costa Rica', 56, '2015-10-13 05:52:33', '1990-07-04 08:07:19');
INSERT INTO `profiles` (`user_id`, `birthdate`, `sex`, `hometown`, `country`, `photo_id`, `created_at`, `updated_at`) VALUES (11, '2004-07-08', '', 'Dibbertview', 'Mauritania', 80, '2016-11-30 08:16:08', '2005-09-23 13:42:31');
INSERT INTO `profiles` (`user_id`, `birthdate`, `sex`, `hometown`, `country`, `photo_id`, `created_at`, `updated_at`) VALUES (12, '1975-07-19', '', 'East Opheliamouth', 'United Arab Emirates', 49, '2008-01-17 19:00:04', '1996-08-25 01:39:35');
INSERT INTO `profiles` (`user_id`, `birthdate`, `sex`, `hometown`, `country`, `photo_id`, `created_at`, `updated_at`) VALUES (13, '1987-07-02', '', 'Hertaborough', 'Gambia', 23, '1985-05-31 05:09:30', '1996-04-22 09:11:01');
INSERT INTO `profiles` (`user_id`, `birthdate`, `sex`, `hometown`, `country`, `photo_id`, `created_at`, `updated_at`) VALUES (14, '2012-01-12', '', 'East Kieranbury', 'Guatemala', 54, '1983-07-20 08:06:07', '2009-06-26 09:37:08');
INSERT INTO `profiles` (`user_id`, `birthdate`, `sex`, `hometown`, `country`, `photo_id`, `created_at`, `updated_at`) VALUES (15, '1998-09-03', '', 'South Elmobury', 'Armenia', 3, '2003-04-18 20:03:46', '2000-11-24 03:09:48');
INSERT INTO `profiles` (`user_id`, `birthdate`, `sex`, `hometown`, `country`, `photo_id`, `created_at`, `updated_at`) VALUES (16, '2008-08-01', '', 'Gerardohaven', 'Western Sahara', 71, '2012-02-08 10:05:21', '2012-04-10 02:32:44');
INSERT INTO `profiles` (`user_id`, `birthdate`, `sex`, `hometown`, `country`, `photo_id`, `created_at`, `updated_at`) VALUES (17, '2020-02-11', '', 'West Kaelyn', 'Bolivia', 59, '2011-04-15 14:58:12', '1977-09-22 10:02:24');
INSERT INTO `profiles` (`user_id`, `birthdate`, `sex`, `hometown`, `country`, `photo_id`, `created_at`, `updated_at`) VALUES (18, '1987-10-04', '', 'East Hollis', 'Guatemala', 60, '1995-07-12 01:33:05', '1991-05-10 00:38:38');
INSERT INTO `profiles` (`user_id`, `birthdate`, `sex`, `hometown`, `country`, `photo_id`, `created_at`, `updated_at`) VALUES (19, '1999-10-18', '', 'Lake Elias', 'Central African Republic', 20, '2008-12-03 21:29:50', '2003-11-11 11:07:57');
INSERT INTO `profiles` (`user_id`, `birthdate`, `sex`, `hometown`, `country`, `photo_id`, `created_at`, `updated_at`) VALUES (20, '1971-12-30', '', 'East Maxmouth', 'Guinea-Bissau', 38, '2000-09-15 14:44:16', '2018-02-07 06:06:23');
INSERT INTO `profiles` (`user_id`, `birthdate`, `sex`, `hometown`, `country`, `photo_id`, `created_at`, `updated_at`) VALUES (21, '1998-03-10', '', 'North Fay', 'Sierra Leone', 39, '2017-12-13 13:23:17', '2009-12-10 00:10:01');
INSERT INTO `profiles` (`user_id`, `birthdate`, `sex`, `hometown`, `country`, `photo_id`, `created_at`, `updated_at`) VALUES (22, '1990-01-11', '', 'South Dakota', 'Monaco', 1, '2005-02-18 01:54:57', '1999-06-02 04:56:01');
INSERT INTO `profiles` (`user_id`, `birthdate`, `sex`, `hometown`, `country`, `photo_id`, `created_at`, `updated_at`) VALUES (23, '1992-05-05', '', 'North Leonorashire', 'Guinea-Bissau', 53, '1973-10-23 03:14:29', '2017-03-03 15:51:37');
INSERT INTO `profiles` (`user_id`, `birthdate`, `sex`, `hometown`, `country`, `photo_id`, `created_at`, `updated_at`) VALUES (24, '1993-05-25', '', 'West Watsonstad', 'Jordan', 81, '1987-11-01 19:54:58', '1976-01-28 12:26:01');
INSERT INTO `profiles` (`user_id`, `birthdate`, `sex`, `hometown`, `country`, `photo_id`, `created_at`, `updated_at`) VALUES (25, '2002-12-23', '', 'Adriannaland', 'Central African Republic', 9, '1999-08-19 16:11:41', '1983-11-19 11:22:08');
INSERT INTO `profiles` (`user_id`, `birthdate`, `sex`, `hometown`, `country`, `photo_id`, `created_at`, `updated_at`) VALUES (26, '1982-01-29', '', 'South Michaela', 'Chile', 87, '1996-10-02 18:05:30', '1980-04-01 01:32:00');
INSERT INTO `profiles` (`user_id`, `birthdate`, `sex`, `hometown`, `country`, `photo_id`, `created_at`, `updated_at`) VALUES (27, '1977-03-28', '', 'Rippinmouth', 'United States Minor Outlying Islands', 39, '1980-01-27 05:51:45', '1980-07-19 02:36:09');
INSERT INTO `profiles` (`user_id`, `birthdate`, `sex`, `hometown`, `country`, `photo_id`, `created_at`, `updated_at`) VALUES (28, '1990-08-31', '', 'Port Stantonview', 'Kyrgyz Republic', 62, '2004-02-05 03:43:32', '1975-07-29 02:58:32');
INSERT INTO `profiles` (`user_id`, `birthdate`, `sex`, `hometown`, `country`, `photo_id`, `created_at`, `updated_at`) VALUES (29, '2017-09-28', '', 'North Nikkihaven', 'Bangladesh', 86, '1977-07-23 18:34:04', '1993-04-15 05:09:49');
INSERT INTO `profiles` (`user_id`, `birthdate`, `sex`, `hometown`, `country`, `photo_id`, `created_at`, `updated_at`) VALUES (30, '1994-11-03', '', 'New Norval', 'Botswana', 29, '1972-03-29 21:48:21', '1973-05-01 21:26:37');
INSERT INTO `profiles` (`user_id`, `birthdate`, `sex`, `hometown`, `country`, `photo_id`, `created_at`, `updated_at`) VALUES (31, '1995-04-11', '', 'South Uriel', 'Singapore', 43, '1978-12-04 18:03:41', '2008-06-06 12:03:00');
INSERT INTO `profiles` (`user_id`, `birthdate`, `sex`, `hometown`, `country`, `photo_id`, `created_at`, `updated_at`) VALUES (32, '1984-02-01', '', 'Port Angelina', 'Suriname', 24, '1991-02-05 11:46:43', '1998-05-24 08:28:03');
INSERT INTO `profiles` (`user_id`, `birthdate`, `sex`, `hometown`, `country`, `photo_id`, `created_at`, `updated_at`) VALUES (33, '1973-11-13', '', 'Kohlershire', 'South Africa', 54, '1984-04-21 19:59:13', '1992-12-04 18:49:04');
INSERT INTO `profiles` (`user_id`, `birthdate`, `sex`, `hometown`, `country`, `photo_id`, `created_at`, `updated_at`) VALUES (34, '1980-09-01', '', 'South Oswaldview', 'San Marino', 21, '1984-12-05 06:11:13', '1981-08-22 06:26:59');
INSERT INTO `profiles` (`user_id`, `birthdate`, `sex`, `hometown`, `country`, `photo_id`, `created_at`, `updated_at`) VALUES (35, '1998-03-29', '', 'Port Maya', 'Saint Martin', 65, '1977-12-22 01:13:59', '1995-12-05 11:45:38');
INSERT INTO `profiles` (`user_id`, `birthdate`, `sex`, `hometown`, `country`, `photo_id`, `created_at`, `updated_at`) VALUES (36, '1999-10-08', '', 'North Lenoremouth', 'Pitcairn Islands', 63, '1975-03-31 18:01:25', '2014-08-17 09:49:23');
INSERT INTO `profiles` (`user_id`, `birthdate`, `sex`, `hometown`, `country`, `photo_id`, `created_at`, `updated_at`) VALUES (37, '2002-07-18', '', 'Port Pablo', 'Guinea', 21, '1989-06-22 13:40:33', '2012-05-23 19:03:03');
INSERT INTO `profiles` (`user_id`, `birthdate`, `sex`, `hometown`, `country`, `photo_id`, `created_at`, `updated_at`) VALUES (38, '2009-09-07', '', 'Port Davinmouth', 'Guam', 16, '2019-05-20 13:48:50', '2017-08-27 08:12:30');
INSERT INTO `profiles` (`user_id`, `birthdate`, `sex`, `hometown`, `country`, `photo_id`, `created_at`, `updated_at`) VALUES (39, '2009-01-18', '', 'West Lindseyview', 'Croatia', 74, '2004-07-06 17:21:46', '2001-07-12 21:36:56');
INSERT INTO `profiles` (`user_id`, `birthdate`, `sex`, `hometown`, `country`, `photo_id`, `created_at`, `updated_at`) VALUES (40, '2011-01-04', '', 'Fernbury', 'Wallis and Futuna', 95, '2003-10-31 22:03:07', '2016-04-24 12:12:06');
INSERT INTO `profiles` (`user_id`, `birthdate`, `sex`, `hometown`, `country`, `photo_id`, `created_at`, `updated_at`) VALUES (41, '2015-02-01', '', 'Port Elinor', 'Venezuela', 49, '2015-01-28 06:49:13', '1992-08-06 02:19:19');
INSERT INTO `profiles` (`user_id`, `birthdate`, `sex`, `hometown`, `country`, `photo_id`, `created_at`, `updated_at`) VALUES (42, '1979-04-26', '', 'Rosellashire', 'Uganda', 8, '2013-07-16 19:47:00', '2013-09-09 15:46:05');
INSERT INTO `profiles` (`user_id`, `birthdate`, `sex`, `hometown`, `country`, `photo_id`, `created_at`, `updated_at`) VALUES (43, '1997-02-11', '', 'Reichelbury', 'Belgium', 7, '2008-08-08 13:21:21', '2008-02-27 20:01:12');
INSERT INTO `profiles` (`user_id`, `birthdate`, `sex`, `hometown`, `country`, `photo_id`, `created_at`, `updated_at`) VALUES (44, '2013-12-20', '', 'Idellaport', 'Swaziland', 87, '2015-10-06 09:14:25', '2000-06-18 07:00:47');
INSERT INTO `profiles` (`user_id`, `birthdate`, `sex`, `hometown`, `country`, `photo_id`, `created_at`, `updated_at`) VALUES (45, '1972-01-30', '', 'Gunnarhaven', 'Georgia', 78, '1985-07-13 18:43:36', '1978-01-26 21:13:44');
INSERT INTO `profiles` (`user_id`, `birthdate`, `sex`, `hometown`, `country`, `photo_id`, `created_at`, `updated_at`) VALUES (46, '2017-09-13', '', 'Daughertyborough', 'Kyrgyz Republic', 17, '2009-09-30 18:24:51', '1991-02-13 23:51:40');
INSERT INTO `profiles` (`user_id`, `birthdate`, `sex`, `hometown`, `country`, `photo_id`, `created_at`, `updated_at`) VALUES (47, '1975-07-16', '', 'North Libby', 'Saint Lucia', 40, '2003-03-23 09:20:31', '1991-11-11 20:22:59');
INSERT INTO `profiles` (`user_id`, `birthdate`, `sex`, `hometown`, `country`, `photo_id`, `created_at`, `updated_at`) VALUES (48, '2013-03-20', '', 'Raymundomouth', 'Qatar', 18, '2003-08-07 20:58:37', '2012-03-08 21:04:25');
INSERT INTO `profiles` (`user_id`, `birthdate`, `sex`, `hometown`, `country`, `photo_id`, `created_at`, `updated_at`) VALUES (49, '1971-03-10', '', 'West Chaim', 'French Southern Territories', 94, '1970-04-13 02:40:29', '2012-12-21 12:13:52');
INSERT INTO `profiles` (`user_id`, `birthdate`, `sex`, `hometown`, `country`, `photo_id`, `created_at`, `updated_at`) VALUES (50, '1984-05-05', '', 'New Clint', 'Senegal', 83, '1977-02-17 10:54:11', '2004-02-11 15:07:17');
INSERT INTO `profiles` (`user_id`, `birthdate`, `sex`, `hometown`, `country`, `photo_id`, `created_at`, `updated_at`) VALUES (51, '2012-08-23', '', 'West Elvie', 'Togo', 48, '1972-10-23 01:39:04', '1976-03-03 23:52:09');
INSERT INTO `profiles` (`user_id`, `birthdate`, `sex`, `hometown`, `country`, `photo_id`, `created_at`, `updated_at`) VALUES (52, '2013-08-09', '', 'East Josephine', 'Burundi', 71, '2003-08-19 07:32:10', '1991-07-28 19:27:41');
INSERT INTO `profiles` (`user_id`, `birthdate`, `sex`, `hometown`, `country`, `photo_id`, `created_at`, `updated_at`) VALUES (53, '2003-12-31', '', 'Lake Lois', 'Heard Island and McDonald Islands', 85, '1977-10-01 14:43:33', '1977-06-10 05:58:01');
INSERT INTO `profiles` (`user_id`, `birthdate`, `sex`, `hometown`, `country`, `photo_id`, `created_at`, `updated_at`) VALUES (54, '1999-02-14', '', 'Olsonstad', 'Saint Pierre and Miquelon', 57, '1972-07-11 15:42:48', '2001-12-04 11:45:26');
INSERT INTO `profiles` (`user_id`, `birthdate`, `sex`, `hometown`, `country`, `photo_id`, `created_at`, `updated_at`) VALUES (55, '1972-05-28', '', 'Alaynachester', 'Gabon', 76, '2013-07-27 03:30:15', '1974-05-25 04:33:01');
INSERT INTO `profiles` (`user_id`, `birthdate`, `sex`, `hometown`, `country`, `photo_id`, `created_at`, `updated_at`) VALUES (56, '1998-12-22', '', 'Davisport', 'Paraguay', 97, '2008-07-03 15:05:46', '2003-05-24 01:55:11');
INSERT INTO `profiles` (`user_id`, `birthdate`, `sex`, `hometown`, `country`, `photo_id`, `created_at`, `updated_at`) VALUES (57, '2014-11-12', '', 'South Jonathanfurt', 'Burkina Faso', 38, '1983-10-16 03:50:16', '2006-01-08 10:00:15');
INSERT INTO `profiles` (`user_id`, `birthdate`, `sex`, `hometown`, `country`, `photo_id`, `created_at`, `updated_at`) VALUES (58, '1994-04-30', '', 'Lake Kennatown', 'Peru', 0, '1998-11-25 21:15:01', '2002-12-28 15:33:46');
INSERT INTO `profiles` (`user_id`, `birthdate`, `sex`, `hometown`, `country`, `photo_id`, `created_at`, `updated_at`) VALUES (59, '1988-02-22', '', 'New Aditya', 'Jersey', 18, '1992-11-21 05:50:36', '1986-01-28 16:08:03');
INSERT INTO `profiles` (`user_id`, `birthdate`, `sex`, `hometown`, `country`, `photo_id`, `created_at`, `updated_at`) VALUES (60, '1997-08-04', '', 'Cathrineview', 'Tajikistan', 10, '2002-12-29 14:57:55', '1991-10-13 01:11:06');
INSERT INTO `profiles` (`user_id`, `birthdate`, `sex`, `hometown`, `country`, `photo_id`, `created_at`, `updated_at`) VALUES (61, '1978-06-25', '', 'Port Jayceehaven', 'Vanuatu', 21, '2009-09-17 19:56:41', '1990-05-31 20:07:06');
INSERT INTO `profiles` (`user_id`, `birthdate`, `sex`, `hometown`, `country`, `photo_id`, `created_at`, `updated_at`) VALUES (62, '1988-10-21', '', 'Felipafort', 'Greenland', 42, '2015-06-07 08:20:51', '1987-02-20 00:24:34');
INSERT INTO `profiles` (`user_id`, `birthdate`, `sex`, `hometown`, `country`, `photo_id`, `created_at`, `updated_at`) VALUES (63, '2014-11-27', '', 'Aurelioland', 'Andorra', 70, '1975-04-12 10:11:45', '2000-09-22 01:10:19');
INSERT INTO `profiles` (`user_id`, `birthdate`, `sex`, `hometown`, `country`, `photo_id`, `created_at`, `updated_at`) VALUES (64, '1992-05-20', '', 'Dimitribury', 'New Zealand', 53, '2016-01-21 02:18:17', '1970-09-11 08:42:55');
INSERT INTO `profiles` (`user_id`, `birthdate`, `sex`, `hometown`, `country`, `photo_id`, `created_at`, `updated_at`) VALUES (65, '1981-05-12', '', 'Goldnerton', 'Angola', 80, '1985-07-20 04:50:55', '1974-11-19 15:25:04');
INSERT INTO `profiles` (`user_id`, `birthdate`, `sex`, `hometown`, `country`, `photo_id`, `created_at`, `updated_at`) VALUES (66, '1970-01-18', '', 'South Dinoshire', 'Saint Vincent and the Grenadines', 96, '1995-04-14 21:25:47', '1992-06-25 12:16:25');
INSERT INTO `profiles` (`user_id`, `birthdate`, `sex`, `hometown`, `country`, `photo_id`, `created_at`, `updated_at`) VALUES (67, '1988-07-14', '', 'Feestfurt', 'Ethiopia', 46, '2010-04-23 14:18:28', '1976-04-05 13:46:34');
INSERT INTO `profiles` (`user_id`, `birthdate`, `sex`, `hometown`, `country`, `photo_id`, `created_at`, `updated_at`) VALUES (68, '1971-08-28', '', 'Rexhaven', 'Rwanda', 52, '1979-10-30 02:54:23', '2004-05-30 01:27:48');
INSERT INTO `profiles` (`user_id`, `birthdate`, `sex`, `hometown`, `country`, `photo_id`, `created_at`, `updated_at`) VALUES (69, '1989-03-09', '', 'Nicklausview', 'Romania', 32, '1970-12-31 08:51:10', '2000-09-21 12:11:41');
INSERT INTO `profiles` (`user_id`, `birthdate`, `sex`, `hometown`, `country`, `photo_id`, `created_at`, `updated_at`) VALUES (71, '2004-07-02', '', 'South Payton', 'Slovakia (Slovak Republic)', 18, '2018-12-31 08:05:37', '2007-07-08 16:44:39');
INSERT INTO `profiles` (`user_id`, `birthdate`, `sex`, `hometown`, `country`, `photo_id`, `created_at`, `updated_at`) VALUES (72, '1970-08-04', '', 'Lake Dena', 'Sao Tome and Principe', 91, '2019-05-11 19:16:58', '2013-03-19 17:24:01');
INSERT INTO `profiles` (`user_id`, `birthdate`, `sex`, `hometown`, `country`, `photo_id`, `created_at`, `updated_at`) VALUES (73, '1970-12-16', '', 'Lake Haven', 'Guam', 36, '1982-08-29 13:08:53', '2019-07-16 22:27:44');
INSERT INTO `profiles` (`user_id`, `birthdate`, `sex`, `hometown`, `country`, `photo_id`, `created_at`, `updated_at`) VALUES (74, '1989-10-04', '', 'Ignatiusmouth', 'Saint Kitts and Nevis', 85, '2011-02-01 18:37:20', '1994-07-31 10:13:48');
INSERT INTO `profiles` (`user_id`, `birthdate`, `sex`, `hometown`, `country`, `photo_id`, `created_at`, `updated_at`) VALUES (75, '2000-08-12', '', 'Christachester', 'Trinidad and Tobago', 85, '1980-12-16 11:24:08', '1979-03-18 22:54:17');
INSERT INTO `profiles` (`user_id`, `birthdate`, `sex`, `hometown`, `country`, `photo_id`, `created_at`, `updated_at`) VALUES (76, '1993-02-03', '', 'Kelleyborough', 'Burkina Faso', 25, '1990-06-19 04:32:39', '2001-06-02 02:33:40');
INSERT INTO `profiles` (`user_id`, `birthdate`, `sex`, `hometown`, `country`, `photo_id`, `created_at`, `updated_at`) VALUES (77, '1980-12-09', '', 'Collinsstad', 'Peru', 16, '1982-06-29 09:29:26', '2012-07-27 12:24:33');
INSERT INTO `profiles` (`user_id`, `birthdate`, `sex`, `hometown`, `country`, `photo_id`, `created_at`, `updated_at`) VALUES (78, '1987-05-01', '', 'West Karlihaven', 'Tokelau', 89, '2008-06-27 17:49:24', '1994-02-25 18:41:20');
INSERT INTO `profiles` (`user_id`, `birthdate`, `sex`, `hometown`, `country`, `photo_id`, `created_at`, `updated_at`) VALUES (79, '1974-09-26', '', 'East Nashstad', 'Eritrea', 11, '1973-04-06 22:57:25', '2009-06-27 19:23:44');
INSERT INTO `profiles` (`user_id`, `birthdate`, `sex`, `hometown`, `country`, `photo_id`, `created_at`, `updated_at`) VALUES (80, '1989-01-10', '', 'Port Ed', 'Ghana', 26, '2007-08-05 13:23:17', '1985-06-20 11:53:26');
INSERT INTO `profiles` (`user_id`, `birthdate`, `sex`, `hometown`, `country`, `photo_id`, `created_at`, `updated_at`) VALUES (81, '2004-06-03', '', 'East Lacy', 'Bosnia and Herzegovina', 85, '2017-12-15 00:08:07', '1971-05-28 14:56:50');
INSERT INTO `profiles` (`user_id`, `birthdate`, `sex`, `hometown`, `country`, `photo_id`, `created_at`, `updated_at`) VALUES (82, '2000-10-16', '', 'Heaneyland', 'Vanuatu', 44, '2018-10-25 19:31:18', '1999-04-08 04:10:50');
INSERT INTO `profiles` (`user_id`, `birthdate`, `sex`, `hometown`, `country`, `photo_id`, `created_at`, `updated_at`) VALUES (83, '1995-10-19', '', 'East Webstertown', 'Slovenia', 71, '1972-04-14 10:56:00', '1993-07-10 13:21:37');
INSERT INTO `profiles` (`user_id`, `birthdate`, `sex`, `hometown`, `country`, `photo_id`, `created_at`, `updated_at`) VALUES (84, '1981-08-04', '', 'Port Clementine', 'Mauritius', 0, '2011-01-18 04:29:52', '2012-02-09 12:24:47');
INSERT INTO `profiles` (`user_id`, `birthdate`, `sex`, `hometown`, `country`, `photo_id`, `created_at`, `updated_at`) VALUES (85, '1985-10-12', '', 'East Bertram', 'Japan', 52, '1988-01-19 10:41:34', '2004-12-31 23:22:17');
INSERT INTO `profiles` (`user_id`, `birthdate`, `sex`, `hometown`, `country`, `photo_id`, `created_at`, `updated_at`) VALUES (86, '1970-10-29', '', 'Cullenmouth', 'Swaziland', 0, '1979-06-21 16:15:13', '1992-09-30 14:03:55');
INSERT INTO `profiles` (`user_id`, `birthdate`, `sex`, `hometown`, `country`, `photo_id`, `created_at`, `updated_at`) VALUES (87, '1975-09-23', '', 'West Makayla', 'Oman', 46, '1989-08-25 13:25:39', '2008-11-01 12:09:50');
INSERT INTO `profiles` (`user_id`, `birthdate`, `sex`, `hometown`, `country`, `photo_id`, `created_at`, `updated_at`) VALUES (88, '2001-05-01', '', 'Orinton', 'Pitcairn Islands', 20, '2016-01-24 02:37:41', '1992-08-22 03:30:27');
INSERT INTO `profiles` (`user_id`, `birthdate`, `sex`, `hometown`, `country`, `photo_id`, `created_at`, `updated_at`) VALUES (89, '2017-01-02', '', 'Antoniettaland', 'Algeria', 71, '2015-01-29 09:30:46', '2013-08-20 17:58:09');
INSERT INTO `profiles` (`user_id`, `birthdate`, `sex`, `hometown`, `country`, `photo_id`, `created_at`, `updated_at`) VALUES (90, '1985-07-09', '', 'New Nonamouth', 'Comoros', 69, '2010-06-04 09:14:22', '2005-07-16 17:58:45');
INSERT INTO `profiles` (`user_id`, `birthdate`, `sex`, `hometown`, `country`, `photo_id`, `created_at`, `updated_at`) VALUES (91, '1983-07-25', '', 'New Monserratefurt', 'Falkland Islands (Malvinas)', 24, '2006-09-04 04:16:43', '2002-11-05 10:12:34');
INSERT INTO `profiles` (`user_id`, `birthdate`, `sex`, `hometown`, `country`, `photo_id`, `created_at`, `updated_at`) VALUES (92, '2006-04-26', '', 'West Friedrichfurt', 'Taiwan', 19, '1974-05-04 13:21:08', '1991-04-08 05:50:57');
INSERT INTO `profiles` (`user_id`, `birthdate`, `sex`, `hometown`, `country`, `photo_id`, `created_at`, `updated_at`) VALUES (93, '1979-12-02', '', 'Durganville', 'Chile', 58, '1988-10-18 15:02:38', '2012-02-25 15:34:54');
INSERT INTO `profiles` (`user_id`, `birthdate`, `sex`, `hometown`, `country`, `photo_id`, `created_at`, `updated_at`) VALUES (94, '1988-02-24', '', 'West Maxbury', 'Suriname', 68, '2002-04-10 11:58:15', '2002-05-22 20:10:48');
INSERT INTO `profiles` (`user_id`, `birthdate`, `sex`, `hometown`, `country`, `photo_id`, `created_at`, `updated_at`) VALUES (95, '1986-01-16', '', 'West Thelma', 'Saint Barthelemy', 52, '2009-10-20 20:34:19', '1996-06-11 12:51:54');
INSERT INTO `profiles` (`user_id`, `birthdate`, `sex`, `hometown`, `country`, `photo_id`, `created_at`, `updated_at`) VALUES (96, '2001-12-05', '', 'Osinskifurt', 'Pakistan', 31, '1979-02-07 21:31:47', '1974-11-04 00:51:08');
INSERT INTO `profiles` (`user_id`, `birthdate`, `sex`, `hometown`, `country`, `photo_id`, `created_at`, `updated_at`) VALUES (97, '2018-10-07', '', 'Berneicemouth', 'United Arab Emirates', 30, '2004-07-15 02:46:45', '1978-01-24 02:47:58');
INSERT INTO `profiles` (`user_id`, `birthdate`, `sex`, `hometown`, `country`, `photo_id`, `created_at`, `updated_at`) VALUES (98, '1983-08-24', '', 'Lake Nicolasport', 'Svalbard & Jan Mayen Islands', 82, '2003-10-04 01:20:36', '2006-10-08 08:13:05');
INSERT INTO `profiles` (`user_id`, `birthdate`, `sex`, `hometown`, `country`, `photo_id`, `created_at`, `updated_at`) VALUES (99, '1973-03-17', '', 'Hahnville', 'Tunisia', 28, '2013-02-26 14:50:25', '1992-03-22 03:28:24');
INSERT INTO `profiles` (`user_id`, `birthdate`, `sex`, `hometown`, `country`, `photo_id`, `created_at`, `updated_at`) VALUES (100, '2002-05-11', '', 'Champlintown', 'Nigeria', 54, '2002-07-22 11:10:15', '1981-04-24 06:51:13');


#
# TABLE STRUCTURE FOR: type_content_like
#

DROP TABLE IF EXISTS `type_content_like`;

CREATE TABLE `type_content_like` (
  `id` int(10) unsigned NOT NULL AUTO_INCREMENT,
  `id_media` int(10) unsigned NOT NULL,
  `id_users` int(10) unsigned NOT NULL,
  `id_posts` int(10) unsigned NOT NULL,
  PRIMARY KEY (`id`)
) ENGINE=InnoDB AUTO_INCREMENT=101 DEFAULT CHARSET=utf8 COLLATE=utf8_unicode_ci;

INSERT INTO `type_content_like` (`id`, `id_media`, `id_users`, `id_posts`) VALUES (1, 9, 70, 29);
INSERT INTO `type_content_like` (`id`, `id_media`, `id_users`, `id_posts`) VALUES (2, 73, 19, 65);
INSERT INTO `type_content_like` (`id`, `id_media`, `id_users`, `id_posts`) VALUES (3, 20, 27, 96);
INSERT INTO `type_content_like` (`id`, `id_media`, `id_users`, `id_posts`) VALUES (4, 74, 19, 95);
INSERT INTO `type_content_like` (`id`, `id_media`, `id_users`, `id_posts`) VALUES (5, 37, 14, 13);
INSERT INTO `type_content_like` (`id`, `id_media`, `id_users`, `id_posts`) VALUES (6, 70, 85, 95);
INSERT INTO `type_content_like` (`id`, `id_media`, `id_users`, `id_posts`) VALUES (7, 52, 52, 4);
INSERT INTO `type_content_like` (`id`, `id_media`, `id_users`, `id_posts`) VALUES (8, 7, 35, 66);
INSERT INTO `type_content_like` (`id`, `id_media`, `id_users`, `id_posts`) VALUES (9, 6, 97, 33);
INSERT INTO `type_content_like` (`id`, `id_media`, `id_users`, `id_posts`) VALUES (10, 66, 43, 72);
INSERT INTO `type_content_like` (`id`, `id_media`, `id_users`, `id_posts`) VALUES (11, 12, 5, 20);
INSERT INTO `type_content_like` (`id`, `id_media`, `id_users`, `id_posts`) VALUES (12, 9, 71, 59);
INSERT INTO `type_content_like` (`id`, `id_media`, `id_users`, `id_posts`) VALUES (13, 11, 63, 79);
INSERT INTO `type_content_like` (`id`, `id_media`, `id_users`, `id_posts`) VALUES (14, 66, 38, 12);
INSERT INTO `type_content_like` (`id`, `id_media`, `id_users`, `id_posts`) VALUES (15, 72, 83, 81);
INSERT INTO `type_content_like` (`id`, `id_media`, `id_users`, `id_posts`) VALUES (16, 59, 55, 29);
INSERT INTO `type_content_like` (`id`, `id_media`, `id_users`, `id_posts`) VALUES (17, 74, 56, 68);
INSERT INTO `type_content_like` (`id`, `id_media`, `id_users`, `id_posts`) VALUES (18, 81, 20, 36);
INSERT INTO `type_content_like` (`id`, `id_media`, `id_users`, `id_posts`) VALUES (19, 95, 91, 17);
INSERT INTO `type_content_like` (`id`, `id_media`, `id_users`, `id_posts`) VALUES (20, 64, 9, 51);
INSERT INTO `type_content_like` (`id`, `id_media`, `id_users`, `id_posts`) VALUES (21, 57, 6, 41);
INSERT INTO `type_content_like` (`id`, `id_media`, `id_users`, `id_posts`) VALUES (22, 85, 7, 19);
INSERT INTO `type_content_like` (`id`, `id_media`, `id_users`, `id_posts`) VALUES (23, 65, 61, 98);
INSERT INTO `type_content_like` (`id`, `id_media`, `id_users`, `id_posts`) VALUES (24, 13, 37, 57);
INSERT INTO `type_content_like` (`id`, `id_media`, `id_users`, `id_posts`) VALUES (25, 53, 96, 44);
INSERT INTO `type_content_like` (`id`, `id_media`, `id_users`, `id_posts`) VALUES (26, 3, 81, 6);
INSERT INTO `type_content_like` (`id`, `id_media`, `id_users`, `id_posts`) VALUES (27, 33, 90, 35);
INSERT INTO `type_content_like` (`id`, `id_media`, `id_users`, `id_posts`) VALUES (28, 64, 39, 45);
INSERT INTO `type_content_like` (`id`, `id_media`, `id_users`, `id_posts`) VALUES (29, 30, 80, 43);
INSERT INTO `type_content_like` (`id`, `id_media`, `id_users`, `id_posts`) VALUES (30, 73, 29, 67);
INSERT INTO `type_content_like` (`id`, `id_media`, `id_users`, `id_posts`) VALUES (31, 91, 27, 76);
INSERT INTO `type_content_like` (`id`, `id_media`, `id_users`, `id_posts`) VALUES (32, 75, 100, 75);
INSERT INTO `type_content_like` (`id`, `id_media`, `id_users`, `id_posts`) VALUES (33, 73, 8, 44);
INSERT INTO `type_content_like` (`id`, `id_media`, `id_users`, `id_posts`) VALUES (34, 29, 13, 20);
INSERT INTO `type_content_like` (`id`, `id_media`, `id_users`, `id_posts`) VALUES (35, 19, 100, 31);
INSERT INTO `type_content_like` (`id`, `id_media`, `id_users`, `id_posts`) VALUES (36, 100, 88, 17);
INSERT INTO `type_content_like` (`id`, `id_media`, `id_users`, `id_posts`) VALUES (37, 48, 80, 10);
INSERT INTO `type_content_like` (`id`, `id_media`, `id_users`, `id_posts`) VALUES (38, 66, 48, 82);
INSERT INTO `type_content_like` (`id`, `id_media`, `id_users`, `id_posts`) VALUES (39, 24, 43, 1);
INSERT INTO `type_content_like` (`id`, `id_media`, `id_users`, `id_posts`) VALUES (40, 29, 28, 23);
INSERT INTO `type_content_like` (`id`, `id_media`, `id_users`, `id_posts`) VALUES (41, 96, 20, 47);
INSERT INTO `type_content_like` (`id`, `id_media`, `id_users`, `id_posts`) VALUES (42, 69, 57, 43);
INSERT INTO `type_content_like` (`id`, `id_media`, `id_users`, `id_posts`) VALUES (43, 42, 23, 20);
INSERT INTO `type_content_like` (`id`, `id_media`, `id_users`, `id_posts`) VALUES (44, 66, 56, 23);
INSERT INTO `type_content_like` (`id`, `id_media`, `id_users`, `id_posts`) VALUES (45, 93, 67, 83);
INSERT INTO `type_content_like` (`id`, `id_media`, `id_users`, `id_posts`) VALUES (46, 49, 52, 2);
INSERT INTO `type_content_like` (`id`, `id_media`, `id_users`, `id_posts`) VALUES (47, 83, 44, 68);
INSERT INTO `type_content_like` (`id`, `id_media`, `id_users`, `id_posts`) VALUES (48, 18, 14, 84);
INSERT INTO `type_content_like` (`id`, `id_media`, `id_users`, `id_posts`) VALUES (49, 29, 64, 54);
INSERT INTO `type_content_like` (`id`, `id_media`, `id_users`, `id_posts`) VALUES (50, 20, 87, 91);
INSERT INTO `type_content_like` (`id`, `id_media`, `id_users`, `id_posts`) VALUES (51, 9, 52, 44);
INSERT INTO `type_content_like` (`id`, `id_media`, `id_users`, `id_posts`) VALUES (52, 1, 63, 60);
INSERT INTO `type_content_like` (`id`, `id_media`, `id_users`, `id_posts`) VALUES (53, 86, 97, 97);
INSERT INTO `type_content_like` (`id`, `id_media`, `id_users`, `id_posts`) VALUES (54, 73, 69, 65);
INSERT INTO `type_content_like` (`id`, `id_media`, `id_users`, `id_posts`) VALUES (55, 0, 5, 91);
INSERT INTO `type_content_like` (`id`, `id_media`, `id_users`, `id_posts`) VALUES (56, 26, 69, 82);
INSERT INTO `type_content_like` (`id`, `id_media`, `id_users`, `id_posts`) VALUES (57, 30, 41, 5);
INSERT INTO `type_content_like` (`id`, `id_media`, `id_users`, `id_posts`) VALUES (58, 8, 41, 50);
INSERT INTO `type_content_like` (`id`, `id_media`, `id_users`, `id_posts`) VALUES (59, 59, 30, 79);
INSERT INTO `type_content_like` (`id`, `id_media`, `id_users`, `id_posts`) VALUES (60, 21, 21, 23);
INSERT INTO `type_content_like` (`id`, `id_media`, `id_users`, `id_posts`) VALUES (61, 12, 42, 81);
INSERT INTO `type_content_like` (`id`, `id_media`, `id_users`, `id_posts`) VALUES (62, 54, 72, 4);
INSERT INTO `type_content_like` (`id`, `id_media`, `id_users`, `id_posts`) VALUES (63, 0, 98, 98);
INSERT INTO `type_content_like` (`id`, `id_media`, `id_users`, `id_posts`) VALUES (64, 35, 41, 20);
INSERT INTO `type_content_like` (`id`, `id_media`, `id_users`, `id_posts`) VALUES (65, 68, 9, 92);
INSERT INTO `type_content_like` (`id`, `id_media`, `id_users`, `id_posts`) VALUES (66, 25, 3, 73);
INSERT INTO `type_content_like` (`id`, `id_media`, `id_users`, `id_posts`) VALUES (67, 92, 80, 32);
INSERT INTO `type_content_like` (`id`, `id_media`, `id_users`, `id_posts`) VALUES (68, 42, 85, 70);
INSERT INTO `type_content_like` (`id`, `id_media`, `id_users`, `id_posts`) VALUES (69, 92, 27, 16);
INSERT INTO `type_content_like` (`id`, `id_media`, `id_users`, `id_posts`) VALUES (70, 64, 81, 32);
INSERT INTO `type_content_like` (`id`, `id_media`, `id_users`, `id_posts`) VALUES (71, 25, 72, 0);
INSERT INTO `type_content_like` (`id`, `id_media`, `id_users`, `id_posts`) VALUES (72, 12, 9, 9);
INSERT INTO `type_content_like` (`id`, `id_media`, `id_users`, `id_posts`) VALUES (73, 20, 13, 45);
INSERT INTO `type_content_like` (`id`, `id_media`, `id_users`, `id_posts`) VALUES (74, 96, 98, 18);
INSERT INTO `type_content_like` (`id`, `id_media`, `id_users`, `id_posts`) VALUES (75, 13, 0, 64);
INSERT INTO `type_content_like` (`id`, `id_media`, `id_users`, `id_posts`) VALUES (76, 23, 13, 12);
INSERT INTO `type_content_like` (`id`, `id_media`, `id_users`, `id_posts`) VALUES (77, 57, 59, 49);
INSERT INTO `type_content_like` (`id`, `id_media`, `id_users`, `id_posts`) VALUES (78, 33, 22, 2);
INSERT INTO `type_content_like` (`id`, `id_media`, `id_users`, `id_posts`) VALUES (79, 42, 84, 18);
INSERT INTO `type_content_like` (`id`, `id_media`, `id_users`, `id_posts`) VALUES (80, 26, 64, 10);
INSERT INTO `type_content_like` (`id`, `id_media`, `id_users`, `id_posts`) VALUES (81, 31, 48, 53);
INSERT INTO `type_content_like` (`id`, `id_media`, `id_users`, `id_posts`) VALUES (82, 23, 54, 68);
INSERT INTO `type_content_like` (`id`, `id_media`, `id_users`, `id_posts`) VALUES (83, 86, 27, 28);
INSERT INTO `type_content_like` (`id`, `id_media`, `id_users`, `id_posts`) VALUES (84, 17, 95, 38);
INSERT INTO `type_content_like` (`id`, `id_media`, `id_users`, `id_posts`) VALUES (85, 34, 40, 91);
INSERT INTO `type_content_like` (`id`, `id_media`, `id_users`, `id_posts`) VALUES (86, 49, 75, 32);
INSERT INTO `type_content_like` (`id`, `id_media`, `id_users`, `id_posts`) VALUES (87, 95, 27, 74);
INSERT INTO `type_content_like` (`id`, `id_media`, `id_users`, `id_posts`) VALUES (88, 65, 53, 4);
INSERT INTO `type_content_like` (`id`, `id_media`, `id_users`, `id_posts`) VALUES (89, 30, 85, 77);
INSERT INTO `type_content_like` (`id`, `id_media`, `id_users`, `id_posts`) VALUES (90, 89, 94, 41);
INSERT INTO `type_content_like` (`id`, `id_media`, `id_users`, `id_posts`) VALUES (91, 34, 73, 24);
INSERT INTO `type_content_like` (`id`, `id_media`, `id_users`, `id_posts`) VALUES (92, 61, 86, 59);
INSERT INTO `type_content_like` (`id`, `id_media`, `id_users`, `id_posts`) VALUES (93, 72, 18, 32);
INSERT INTO `type_content_like` (`id`, `id_media`, `id_users`, `id_posts`) VALUES (94, 99, 7, 77);
INSERT INTO `type_content_like` (`id`, `id_media`, `id_users`, `id_posts`) VALUES (95, 94, 65, 46);
INSERT INTO `type_content_like` (`id`, `id_media`, `id_users`, `id_posts`) VALUES (96, 65, 98, 17);
INSERT INTO `type_content_like` (`id`, `id_media`, `id_users`, `id_posts`) VALUES (97, 40, 52, 18);
INSERT INTO `type_content_like` (`id`, `id_media`, `id_users`, `id_posts`) VALUES (98, 89, 87, 14);
INSERT INTO `type_content_like` (`id`, `id_media`, `id_users`, `id_posts`) VALUES (99, 23, 48, 32);
INSERT INTO `type_content_like` (`id`, `id_media`, `id_users`, `id_posts`) VALUES (100, 55, 75, 82);


#
# TABLE STRUCTURE FOR: users
#

DROP TABLE IF EXISTS `users`;

CREATE TABLE `users` (
  `id` int(10) unsigned NOT NULL AUTO_INCREMENT,
  `first_name` varchar(100) COLLATE utf8_unicode_ci NOT NULL,
  `last_name` varchar(100) COLLATE utf8_unicode_ci NOT NULL,
  `email` varchar(120) COLLATE utf8_unicode_ci NOT NULL,
  `phone` varchar(15) COLLATE utf8_unicode_ci NOT NULL,
  `password` varchar(15) COLLATE utf8_unicode_ci DEFAULT NULL,
  `created_at` datetime DEFAULT current_timestamp(),
  `updated_at` datetime DEFAULT current_timestamp() ON UPDATE current_timestamp(),
  PRIMARY KEY (`id`),
  UNIQUE KEY `email` (`email`),
  UNIQUE KEY `phone` (`phone`)
) ENGINE=InnoDB AUTO_INCREMENT=101 DEFAULT CHARSET=utf8 COLLATE=utf8_unicode_ci;

INSERT INTO `users` (`id`, `first_name`, `last_name`, `email`, `phone`, `password`, `created_at`, `updated_at`) VALUES (1, 'Brock', 'Frami', 'ruthie.hilll@example.com', '1-803-483-2638x', '2a288e2aad89707', '1994-01-27 19:14:17', '2006-05-31 09:30:26');
INSERT INTO `users` (`id`, `first_name`, `last_name`, `email`, `phone`, `password`, `created_at`, `updated_at`) VALUES (2, 'Athena', 'Weissnat', 'bartell.rashawn@example.com', '582-610-0316', 'b1ecdaae8b2fde8', '1980-05-13 03:24:07', '1977-06-07 03:27:13');
INSERT INTO `users` (`id`, `first_name`, `last_name`, `email`, `phone`, `password`, `created_at`, `updated_at`) VALUES (3, 'Abelardo', 'Stoltenberg', 'madeline25@example.net', '613.761.4816x52', 'c5e054bb998288a', '1986-01-13 20:22:28', '1983-12-22 21:29:41');
INSERT INTO `users` (`id`, `first_name`, `last_name`, `email`, `phone`, `password`, `created_at`, `updated_at`) VALUES (4, 'Monte', 'Heaney', 'shaina25@example.com', '774.921.9652x57', '3be16a35838d189', '1985-01-16 03:33:52', '1992-11-30 17:24:27');
INSERT INTO `users` (`id`, `first_name`, `last_name`, `email`, `phone`, `password`, `created_at`, `updated_at`) VALUES (5, 'Dariana', 'Schaefer', 'krohan@example.net', '+73(1)868439912', 'ab1e1c51a95d186', '1983-04-06 13:41:30', '2019-06-04 11:12:20');
INSERT INTO `users` (`id`, `first_name`, `last_name`, `email`, `phone`, `password`, `created_at`, `updated_at`) VALUES (6, 'Lucy', 'Schmitt', 'davis.alvis@example.com', '(239)418-6948x9', '743b55292e0c6f8', '1988-04-05 17:58:52', '1983-11-10 00:07:59');
INSERT INTO `users` (`id`, `first_name`, `last_name`, `email`, `phone`, `password`, `created_at`, `updated_at`) VALUES (7, 'Estrella', 'Waelchi', 'adietrich@example.net', '01699019234', '43802651a24ef97', '1970-09-19 20:51:28', '1984-06-27 08:37:09');
INSERT INTO `users` (`id`, `first_name`, `last_name`, `email`, `phone`, `password`, `created_at`, `updated_at`) VALUES (8, 'Jovani', 'Deckow', 'melany.okuneva@example.org', '(952)345-8098', '54f69a3c29f4ca0', '1976-04-27 03:44:34', '1981-02-17 17:08:29');
INSERT INTO `users` (`id`, `first_name`, `last_name`, `email`, `phone`, `password`, `created_at`, `updated_at`) VALUES (9, 'Kaia', 'Kuphal', 'nils.crist@example.net', '(831)148-6008x4', 'c8b068b17c41a5d', '1978-06-15 16:07:31', '1995-10-31 17:36:36');
INSERT INTO `users` (`id`, `first_name`, `last_name`, `email`, `phone`, `password`, `created_at`, `updated_at`) VALUES (10, 'Estell', 'Leuschke', 'gibson.briana@example.net', '(209)300-1034x1', 'de98e271895110c', '1978-07-08 06:50:21', '1971-01-20 01:30:16');
INSERT INTO `users` (`id`, `first_name`, `last_name`, `email`, `phone`, `password`, `created_at`, `updated_at`) VALUES (11, 'Clemens', 'Littel', 'hulda04@example.org', '04040587140', '8b4d4d8a58cba26', '1990-10-20 02:24:51', '1985-06-18 11:08:37');
INSERT INTO `users` (`id`, `first_name`, `last_name`, `email`, `phone`, `password`, `created_at`, `updated_at`) VALUES (12, 'Breanna', 'Dietrich', 'brendan65@example.com', '666.127.2480', '1bd949fcfc087f3', '1992-08-17 08:15:55', '1980-07-14 15:10:52');
INSERT INTO `users` (`id`, `first_name`, `last_name`, `email`, `phone`, `password`, `created_at`, `updated_at`) VALUES (13, 'Hilton', 'Bogan', 'ylindgren@example.com', '(556)437-2064', '9881d76ecedde96', '1976-06-03 01:29:35', '1971-03-24 16:52:47');
INSERT INTO `users` (`id`, `first_name`, `last_name`, `email`, `phone`, `password`, `created_at`, `updated_at`) VALUES (14, 'Domenick', 'Streich', 'aadams@example.com', '112.490.8250x34', 'f97d5068ec6cf07', '2002-04-16 15:15:23', '2013-10-18 19:52:36');
INSERT INTO `users` (`id`, `first_name`, `last_name`, `email`, `phone`, `password`, `created_at`, `updated_at`) VALUES (15, 'Amely', 'Macejkovic', 'frederick54@example.net', '00561609615', '2a169e2135fa8a0', '1974-02-06 08:20:43', '1970-03-21 10:36:42');
INSERT INTO `users` (`id`, `first_name`, `last_name`, `email`, `phone`, `password`, `created_at`, `updated_at`) VALUES (16, 'Devante', 'Howe', 'krajcik.earlene@example.net', '763-834-1195', '3d11cc7f780d459', '1975-03-30 01:14:50', '1976-08-11 07:42:02');
INSERT INTO `users` (`id`, `first_name`, `last_name`, `email`, `phone`, `password`, `created_at`, `updated_at`) VALUES (17, 'Brooklyn', 'Rempel', 'nicholaus55@example.com', '(715)533-4407', '1f2010938e5c7ac', '2009-05-02 04:51:50', '1977-07-13 07:46:43');
INSERT INTO `users` (`id`, `first_name`, `last_name`, `email`, `phone`, `password`, `created_at`, `updated_at`) VALUES (18, 'Alf', 'Adams', 'lucio.hartmann@example.net', '1-258-514-3605x', 'ab2c4c73accf711', '2016-01-26 13:27:05', '1971-01-24 16:07:30');
INSERT INTO `users` (`id`, `first_name`, `last_name`, `email`, `phone`, `password`, `created_at`, `updated_at`) VALUES (19, 'Adelbert', 'Kihn', 'adrain06@example.net', '862.527.6183x79', 'a85ae1d45b8e5aa', '2015-06-15 02:41:52', '2018-10-05 01:59:24');
INSERT INTO `users` (`id`, `first_name`, `last_name`, `email`, `phone`, `password`, `created_at`, `updated_at`) VALUES (20, 'Leda', 'Johnston', 'edyth85@example.net', '1-100-530-3583', 'e71c141665681b9', '1985-11-19 07:33:50', '2017-04-09 19:26:23');
INSERT INTO `users` (`id`, `first_name`, `last_name`, `email`, `phone`, `password`, `created_at`, `updated_at`) VALUES (21, 'Bridie', 'Lemke', 'jenifer67@example.org', '(256)666-4074x9', 'f9b9191bbac8da2', '1991-11-22 20:24:47', '2019-06-29 04:39:09');
INSERT INTO `users` (`id`, `first_name`, `last_name`, `email`, `phone`, `password`, `created_at`, `updated_at`) VALUES (22, 'Darrion', 'Bailey', 'viviane62@example.net', '583-747-9012x85', 'ba1da3dc6f2e3f8', '1981-08-02 11:13:26', '2018-12-30 09:07:25');
INSERT INTO `users` (`id`, `first_name`, `last_name`, `email`, `phone`, `password`, `created_at`, `updated_at`) VALUES (23, 'Pink', 'Friesen', 'tamia.roob@example.net', '533-484-2506x85', 'c5d6094f0845441', '2000-07-23 19:17:42', '1990-01-24 08:59:07');
INSERT INTO `users` (`id`, `first_name`, `last_name`, `email`, `phone`, `password`, `created_at`, `updated_at`) VALUES (24, 'Lorenzo', 'Ward', 'kylee41@example.net', '323-214-4891', '0bd6491f24960c6', '1984-11-08 03:23:30', '2018-12-23 06:49:19');
INSERT INTO `users` (`id`, `first_name`, `last_name`, `email`, `phone`, `password`, `created_at`, `updated_at`) VALUES (25, 'Evelyn', 'Powlowski', 'arely.thompson@example.net', '1-919-778-5019x', 'fc57a6b56c2143f', '1998-04-26 07:17:33', '2015-12-21 16:12:12');
INSERT INTO `users` (`id`, `first_name`, `last_name`, `email`, `phone`, `password`, `created_at`, `updated_at`) VALUES (26, 'Jazmyne', 'Fahey', 'scartwright@example.com', '01699268734', 'cc020f904517954', '1978-06-06 00:03:08', '1971-02-16 11:35:26');
INSERT INTO `users` (`id`, `first_name`, `last_name`, `email`, `phone`, `password`, `created_at`, `updated_at`) VALUES (27, 'Mathilde', 'Little', 'roderick.morissette@example.org', '1-059-237-7515', '225af7168d261e0', '2016-03-15 06:14:04', '1983-01-09 04:12:56');
INSERT INTO `users` (`id`, `first_name`, `last_name`, `email`, `phone`, `password`, `created_at`, `updated_at`) VALUES (28, 'Gerson', 'Armstrong', 'bboyle@example.net', '629.615.9162x08', 'a7fd303d8aa42ee', '1984-05-05 22:39:48', '1997-07-02 00:10:46');
INSERT INTO `users` (`id`, `first_name`, `last_name`, `email`, `phone`, `password`, `created_at`, `updated_at`) VALUES (29, 'Desmond', 'Wunsch', 'libbie41@example.net', '(451)032-4821x2', 'd8a85aabbc1946b', '1978-07-29 07:18:57', '1970-02-25 04:36:57');
INSERT INTO `users` (`id`, `first_name`, `last_name`, `email`, `phone`, `password`, `created_at`, `updated_at`) VALUES (30, 'Conrad', 'Raynor', 'bertha.dare@example.com', '075-215-0149', 'bb32766678f8508', '1990-03-28 21:00:58', '2011-04-19 10:50:27');
INSERT INTO `users` (`id`, `first_name`, `last_name`, `email`, `phone`, `password`, `created_at`, `updated_at`) VALUES (31, 'Edgar', 'Herman', 'carmine63@example.net', '03069792944', 'b5f61d8536dae2f', '2016-07-01 17:40:16', '2008-11-01 11:14:50');
INSERT INTO `users` (`id`, `first_name`, `last_name`, `email`, `phone`, `password`, `created_at`, `updated_at`) VALUES (32, 'Bernice', 'Stiedemann', 'carter22@example.net', '01837571868', 'fee4636932bdc5f', '2018-12-03 23:33:39', '1998-05-02 18:18:32');
INSERT INTO `users` (`id`, `first_name`, `last_name`, `email`, `phone`, `password`, `created_at`, `updated_at`) VALUES (33, 'Dennis', 'Davis', 'chad90@example.net', '00376748685', '609652edee74f9e', '1998-04-10 17:56:08', '2016-04-02 05:01:38');
INSERT INTO `users` (`id`, `first_name`, `last_name`, `email`, `phone`, `password`, `created_at`, `updated_at`) VALUES (34, 'Adam', 'Gislason', 'milton86@example.com', '1-523-244-6506x', '5d21e28a3edd8c5', '2004-01-02 02:57:59', '1995-09-19 09:37:30');
INSERT INTO `users` (`id`, `first_name`, `last_name`, `email`, `phone`, `password`, `created_at`, `updated_at`) VALUES (35, 'Cecilia', 'Wiegand', 'jean35@example.net', '356-349-0570', 'f6fe0452be79e3a', '1993-05-13 06:50:36', '1999-05-08 21:46:33');
INSERT INTO `users` (`id`, `first_name`, `last_name`, `email`, `phone`, `password`, `created_at`, `updated_at`) VALUES (36, 'Electa', 'Kessler', 'kunze.delfina@example.net', '674.226.1851', 'c1a290db9639d55', '2004-06-08 11:05:19', '2019-04-01 16:52:15');
INSERT INTO `users` (`id`, `first_name`, `last_name`, `email`, `phone`, `password`, `created_at`, `updated_at`) VALUES (37, 'Elsie', 'Daniel', 'oren56@example.org', '349.082.9482x30', '4e0d97f864b704e', '2011-04-29 08:49:16', '1980-11-17 05:15:13');
INSERT INTO `users` (`id`, `first_name`, `last_name`, `email`, `phone`, `password`, `created_at`, `updated_at`) VALUES (38, 'Krystel', 'Welch', 'aidan.thiel@example.net', '(267)610-5655x2', 'cd8b62babe931fd', '1980-04-29 02:47:49', '1989-10-27 14:19:25');
INSERT INTO `users` (`id`, `first_name`, `last_name`, `email`, `phone`, `password`, `created_at`, `updated_at`) VALUES (39, 'Alvis', 'Schaden', 'hamill.francisco@example.net', '691.447.7818x18', '7ca023183ea0552', '2017-05-11 13:50:15', '2011-12-15 19:37:12');
INSERT INTO `users` (`id`, `first_name`, `last_name`, `email`, `phone`, `password`, `created_at`, `updated_at`) VALUES (40, 'Emerson', 'Kozey', 'dconsidine@example.com', '1-087-612-0686x', 'ed2980253227b01', '1990-10-06 21:42:38', '2003-09-10 14:25:53');
INSERT INTO `users` (`id`, `first_name`, `last_name`, `email`, `phone`, `password`, `created_at`, `updated_at`) VALUES (41, 'Wyatt', 'Spinka', 'deondre.rippin@example.net', '284-839-3823', '96defc82d35c55c', '2011-03-16 07:11:09', '1980-05-30 04:31:50');
INSERT INTO `users` (`id`, `first_name`, `last_name`, `email`, `phone`, `password`, `created_at`, `updated_at`) VALUES (42, 'Amara', 'Quigley', 'savanna90@example.com', '839.345.0679x05', 'f51fe5f9639484f', '1989-05-05 00:44:31', '2019-08-18 08:00:34');
INSERT INTO `users` (`id`, `first_name`, `last_name`, `email`, `phone`, `password`, `created_at`, `updated_at`) VALUES (43, 'Prudence', 'Turcotte', 'christophe16@example.com', '1-478-312-1160', '8de206823bd1e6b', '1996-11-22 07:59:23', '1983-01-31 18:49:45');
INSERT INTO `users` (`id`, `first_name`, `last_name`, `email`, `phone`, `password`, `created_at`, `updated_at`) VALUES (44, 'Jewell', 'Pacocha', 'jake44@example.com', '1-486-788-0107', '456eee1e430153f', '1984-03-26 04:14:19', '2016-06-25 00:01:23');
INSERT INTO `users` (`id`, `first_name`, `last_name`, `email`, `phone`, `password`, `created_at`, `updated_at`) VALUES (45, 'Geo', 'Lubowitz', 'adelia30@example.org', '097-073-2997x93', 'e1e415365657c40', '2017-03-01 19:59:37', '2015-06-14 06:28:28');
INSERT INTO `users` (`id`, `first_name`, `last_name`, `email`, `phone`, `password`, `created_at`, `updated_at`) VALUES (46, 'Charlotte', 'O\'Keefe', 'dheidenreich@example.com', '617-969-2529x88', 'd75f461abbb025f', '1995-12-07 02:07:29', '1996-01-15 11:03:48');
INSERT INTO `users` (`id`, `first_name`, `last_name`, `email`, `phone`, `password`, `created_at`, `updated_at`) VALUES (47, 'Aiden', 'Stehr', 'qhuel@example.net', '1-519-396-6508x', '7aaf6224ec53b9e', '2010-07-21 14:50:40', '1980-03-19 17:50:44');
INSERT INTO `users` (`id`, `first_name`, `last_name`, `email`, `phone`, `password`, `created_at`, `updated_at`) VALUES (48, 'Chasity', 'Cormier', 'carlie27@example.org', '761-471-0121x34', 'be302f472cc71b5', '1975-11-01 08:33:44', '2003-12-02 02:10:27');
INSERT INTO `users` (`id`, `first_name`, `last_name`, `email`, `phone`, `password`, `created_at`, `updated_at`) VALUES (49, 'Amira', 'Kuhn', 'lorine.dicki@example.com', '1-593-236-7721', 'a9875a6e1281cc0', '1980-05-21 01:24:38', '1974-10-02 05:51:34');
INSERT INTO `users` (`id`, `first_name`, `last_name`, `email`, `phone`, `password`, `created_at`, `updated_at`) VALUES (50, 'Myrtice', 'Fritsch', 'breitenberg.wilburn@example.org', '914.344.9930x84', '5b108076eb8abc4', '1982-05-06 14:43:32', '1980-03-09 06:04:59');
INSERT INTO `users` (`id`, `first_name`, `last_name`, `email`, `phone`, `password`, `created_at`, `updated_at`) VALUES (51, 'Golda', 'Terry', 'ledner.pinkie@example.com', '477-804-1079', '55d03e775c44275', '2017-06-04 00:54:17', '1999-08-09 12:35:38');
INSERT INTO `users` (`id`, `first_name`, `last_name`, `email`, `phone`, `password`, `created_at`, `updated_at`) VALUES (52, 'Eulalia', 'Wisoky', 'theresa26@example.com', '1-168-326-9823', 'b57130cbf6606cb', '2008-08-14 19:44:05', '1971-05-18 09:34:40');
INSERT INTO `users` (`id`, `first_name`, `last_name`, `email`, `phone`, `password`, `created_at`, `updated_at`) VALUES (53, 'Katrine', 'Bauch', 'mark.wyman@example.org', '638.344.9686x44', '6190cdff9c8f58b', '1986-04-26 00:39:33', '2019-01-09 12:28:58');
INSERT INTO `users` (`id`, `first_name`, `last_name`, `email`, `phone`, `password`, `created_at`, `updated_at`) VALUES (54, 'Simeon', 'Nolan', 'pfarrell@example.com', '303.075.0150', '6f5d525b4cc38c6', '2004-07-24 00:15:05', '2012-03-20 11:22:07');
INSERT INTO `users` (`id`, `first_name`, `last_name`, `email`, `phone`, `password`, `created_at`, `updated_at`) VALUES (55, 'Percy', 'Fritsch', 'franecki.elinor@example.org', '09239792128', '8988a0bc57b9ebf', '2019-01-02 00:39:11', '1994-08-27 05:53:37');
INSERT INTO `users` (`id`, `first_name`, `last_name`, `email`, `phone`, `password`, `created_at`, `updated_at`) VALUES (56, 'Zackery', 'Olson', 'deborah.strosin@example.org', '+44(7)293846065', '4b183d726dc4c14', '1979-07-26 21:07:15', '1981-09-06 20:23:26');
INSERT INTO `users` (`id`, `first_name`, `last_name`, `email`, `phone`, `password`, `created_at`, `updated_at`) VALUES (57, 'Irving', 'Daniel', 'vcremin@example.net', '205.845.4393', '09a115e49d477cc', '2009-01-22 15:03:03', '1979-03-09 04:40:39');
INSERT INTO `users` (`id`, `first_name`, `last_name`, `email`, `phone`, `password`, `created_at`, `updated_at`) VALUES (58, 'Elyssa', 'Rempel', 'candido.von@example.net', '05903873867', '6116784f88d0969', '2001-07-19 14:35:43', '2005-05-28 23:06:56');
INSERT INTO `users` (`id`, `first_name`, `last_name`, `email`, `phone`, `password`, `created_at`, `updated_at`) VALUES (59, 'Dianna', 'Hintz', 'stephanie.bartoletti@example.net', '263.904.0052x35', 'f574081f454f909', '2012-07-25 05:44:01', '1975-09-15 16:29:26');
INSERT INTO `users` (`id`, `first_name`, `last_name`, `email`, `phone`, `password`, `created_at`, `updated_at`) VALUES (60, 'Reed', 'Leannon', 'floy.hyatt@example.org', '02566854866', '0a777b8da2c8186', '1989-07-22 14:44:52', '2019-11-05 07:55:18');
INSERT INTO `users` (`id`, `first_name`, `last_name`, `email`, `phone`, `password`, `created_at`, `updated_at`) VALUES (61, 'Larissa', 'Hamill', 'cummerata.noemi@example.com', '+62(7)947413855', '3e4814c259133da', '1978-03-23 16:37:54', '1985-11-21 18:32:50');
INSERT INTO `users` (`id`, `first_name`, `last_name`, `email`, `phone`, `password`, `created_at`, `updated_at`) VALUES (62, 'Henderson', 'Mante', 'laverna.macejkovic@example.com', '(654)769-6840', '6a986b2535713a0', '2005-08-14 17:23:27', '1982-09-07 03:15:38');
INSERT INTO `users` (`id`, `first_name`, `last_name`, `email`, `phone`, `password`, `created_at`, `updated_at`) VALUES (63, 'Lola', 'Cummings', 'sstark@example.com', '1-526-605-4075', 'a8d3fbffc4717bf', '2018-04-16 22:09:29', '1976-08-02 16:45:37');
INSERT INTO `users` (`id`, `first_name`, `last_name`, `email`, `phone`, `password`, `created_at`, `updated_at`) VALUES (64, 'Orpha', 'Doyle', 'grant.virgil@example.net', '(735)589-6212x7', 'a375bcff4ac9412', '1981-12-14 14:25:39', '1999-06-25 09:15:04');
INSERT INTO `users` (`id`, `first_name`, `last_name`, `email`, `phone`, `password`, `created_at`, `updated_at`) VALUES (65, 'Jade', 'Wiza', 'kacie08@example.com', '629-162-6345x30', '599195d34ad32c4', '2016-04-09 09:40:29', '2001-04-25 21:55:11');
INSERT INTO `users` (`id`, `first_name`, `last_name`, `email`, `phone`, `password`, `created_at`, `updated_at`) VALUES (66, 'Giovanni', 'Rau', 'valerie.gulgowski@example.org', '349-775-3340x22', '8e49a2ca6badab7', '1970-02-03 17:28:13', '2006-02-06 21:35:47');
INSERT INTO `users` (`id`, `first_name`, `last_name`, `email`, `phone`, `password`, `created_at`, `updated_at`) VALUES (67, 'Elise', 'Runolfsson', 'juanita.schiller@example.net', '864.417.7368x34', 'c4714bbe90a6f88', '2003-08-23 15:35:09', '2004-03-17 18:13:19');
INSERT INTO `users` (`id`, `first_name`, `last_name`, `email`, `phone`, `password`, `created_at`, `updated_at`) VALUES (68, 'Anahi', 'Johnson', 'samanta.ruecker@example.com', '07320838904', 'a83611513a1e105', '1979-11-10 07:04:30', '1996-07-24 04:33:26');
INSERT INTO `users` (`id`, `first_name`, `last_name`, `email`, `phone`, `password`, `created_at`, `updated_at`) VALUES (69, 'Melvin', 'Cummerata', 'dicki.rick@example.org', '382-286-8162x93', 'd80be72f4662dea', '1990-10-02 11:42:36', '1988-08-29 18:18:49');
INSERT INTO `users` (`id`, `first_name`, `last_name`, `email`, `phone`, `password`, `created_at`, `updated_at`) VALUES (70, 'Trace', 'Wiegand', 'schaden.jacynthe@example.org', '(640)500-7912', 'f69b014da79806b', '1996-01-04 08:23:43', '2015-02-23 08:39:06');
INSERT INTO `users` (`id`, `first_name`, `last_name`, `email`, `phone`, `password`, `created_at`, `updated_at`) VALUES (71, 'Trenton', 'Bednar', 'katheryn97@example.com', '1-690-927-3883', 'ffed7d592caad88', '1981-11-29 17:29:44', '1983-12-11 20:08:48');
INSERT INTO `users` (`id`, `first_name`, `last_name`, `email`, `phone`, `password`, `created_at`, `updated_at`) VALUES (72, 'Alvina', 'Mosciski', 'israel52@example.net', '1-269-067-5621x', 'b5fe10898bff9a8', '1998-11-05 06:49:41', '1982-01-27 21:15:20');
INSERT INTO `users` (`id`, `first_name`, `last_name`, `email`, `phone`, `password`, `created_at`, `updated_at`) VALUES (73, 'Osborne', 'Jacobs', 'waters.lacey@example.net', '+18(6)810388216', 'e8660e610494df6', '1978-10-20 11:49:56', '2009-10-06 16:01:28');
INSERT INTO `users` (`id`, `first_name`, `last_name`, `email`, `phone`, `password`, `created_at`, `updated_at`) VALUES (74, 'Zack', 'Wilkinson', 'tatum.stracke@example.org', '(749)860-8047x2', '55e45d4034ce2da', '1983-06-25 04:28:59', '2013-11-26 19:09:31');
INSERT INTO `users` (`id`, `first_name`, `last_name`, `email`, `phone`, `password`, `created_at`, `updated_at`) VALUES (75, 'Santiago', 'Lakin', 'danny.nienow@example.net', '1-718-993-8783', '90d0979c5221ff2', '1988-03-07 16:28:31', '2013-02-03 04:16:38');
INSERT INTO `users` (`id`, `first_name`, `last_name`, `email`, `phone`, `password`, `created_at`, `updated_at`) VALUES (76, 'Estelle', 'Prosacco', 'jwisoky@example.com', '1-664-423-0849x', '27d1f73f1be634f', '2013-02-25 14:17:48', '2009-03-02 00:17:51');
INSERT INTO `users` (`id`, `first_name`, `last_name`, `email`, `phone`, `password`, `created_at`, `updated_at`) VALUES (77, 'Kim', 'Langworth', 'deckow.laila@example.com', '+30(6)330358727', 'a321020c7fe700f', '2004-06-04 08:15:06', '1998-10-14 08:06:01');
INSERT INTO `users` (`id`, `first_name`, `last_name`, `email`, `phone`, `password`, `created_at`, `updated_at`) VALUES (78, 'Rachel', 'Keebler', 'hermann.melyna@example.com', '+31(1)508808821', 'f56bcf34a91cafe', '1985-02-21 11:29:24', '1976-07-15 10:21:23');
INSERT INTO `users` (`id`, `first_name`, `last_name`, `email`, `phone`, `password`, `created_at`, `updated_at`) VALUES (79, 'Anya', 'Greenfelder', 'aracely.anderson@example.com', '+68(1)189502785', '44fe11d349053c5', '1998-12-08 00:27:24', '2000-05-03 03:35:40');
INSERT INTO `users` (`id`, `first_name`, `last_name`, `email`, `phone`, `password`, `created_at`, `updated_at`) VALUES (80, 'Boyd', 'Kshlerin', 'ylangosh@example.com', '584-794-2193x62', '79b12e9e1cc58f0', '1988-07-18 00:56:16', '1982-12-01 17:14:05');
INSERT INTO `users` (`id`, `first_name`, `last_name`, `email`, `phone`, `password`, `created_at`, `updated_at`) VALUES (81, 'Weston', 'McCullough', 'arch.friesen@example.com', '05704574519', '436ecd3a586e530', '2009-07-06 07:50:41', '1997-08-19 04:57:02');
INSERT INTO `users` (`id`, `first_name`, `last_name`, `email`, `phone`, `password`, `created_at`, `updated_at`) VALUES (82, 'Anibal', 'Beier', 'jerad.gislason@example.com', '1-595-209-6363', '5785bb695eee825', '2012-07-11 05:32:50', '1994-01-20 14:29:40');
INSERT INTO `users` (`id`, `first_name`, `last_name`, `email`, `phone`, `password`, `created_at`, `updated_at`) VALUES (83, 'Mathew', 'Mosciski', 'lynn65@example.net', '009-793-4355x24', 'c49f331d923df07', '1994-02-08 23:37:43', '1990-01-12 19:40:34');
INSERT INTO `users` (`id`, `first_name`, `last_name`, `email`, `phone`, `password`, `created_at`, `updated_at`) VALUES (84, 'Ole', 'Reichert', 'raynor.arlene@example.net', '01021596355', 'ef866daa631fbe9', '1998-07-30 17:15:52', '2004-01-10 13:01:19');
INSERT INTO `users` (`id`, `first_name`, `last_name`, `email`, `phone`, `password`, `created_at`, `updated_at`) VALUES (85, 'Gay', 'Hermann', 'mabel65@example.net', '363-755-8732x00', 'b297f5616c4d80b', '1999-08-22 21:37:30', '2009-10-13 19:27:37');
INSERT INTO `users` (`id`, `first_name`, `last_name`, `email`, `phone`, `password`, `created_at`, `updated_at`) VALUES (86, 'Wilfrid', 'Pollich', 'delia97@example.org', '1-074-415-4767', 'b27ebdc6c65ffc0', '1980-02-18 23:50:16', '1989-12-23 21:55:37');
INSERT INTO `users` (`id`, `first_name`, `last_name`, `email`, `phone`, `password`, `created_at`, `updated_at`) VALUES (87, 'Favian', 'White', 'haylee18@example.net', '1-605-232-2399x', '3773183d2f3da24', '1993-08-08 09:18:43', '1988-01-02 16:06:34');
INSERT INTO `users` (`id`, `first_name`, `last_name`, `email`, `phone`, `password`, `created_at`, `updated_at`) VALUES (88, 'Anne', 'Ankunding', 'dickens.geo@example.org', '989.041.7234x56', '6496102b2092fd2', '1973-05-21 19:09:34', '2004-03-23 05:52:35');
INSERT INTO `users` (`id`, `first_name`, `last_name`, `email`, `phone`, `password`, `created_at`, `updated_at`) VALUES (89, 'Alverta', 'Hermiston', 'langosh.kylie@example.org', '530.562.9917x62', '0dfe6e832a29612', '2003-02-26 14:11:35', '2014-02-20 17:23:10');
INSERT INTO `users` (`id`, `first_name`, `last_name`, `email`, `phone`, `password`, `created_at`, `updated_at`) VALUES (90, 'Elvis', 'Koepp', 'aromaguera@example.com', '1-734-434-2439x', '029773fbbd079e6', '1993-12-05 14:18:29', '1980-08-29 13:10:08');
INSERT INTO `users` (`id`, `first_name`, `last_name`, `email`, `phone`, `password`, `created_at`, `updated_at`) VALUES (91, 'Judge', 'Schmidt', 'hilll.dejah@example.org', '632-160-1975x35', '4cc78ee90d2a9c4', '2011-03-07 13:05:13', '2000-12-21 02:08:17');
INSERT INTO `users` (`id`, `first_name`, `last_name`, `email`, `phone`, `password`, `created_at`, `updated_at`) VALUES (92, 'Shyanne', 'Zieme', 'xhudson@example.org', '(566)468-4967', '7648778243c1e95', '2002-01-05 06:45:54', '1979-08-28 17:11:40');
INSERT INTO `users` (`id`, `first_name`, `last_name`, `email`, `phone`, `password`, `created_at`, `updated_at`) VALUES (93, 'Tyrese', 'Romaguera', 'ebert.geo@example.org', '476-436-4068', '902bb68425e1930', '2004-11-01 17:15:56', '2013-06-18 08:15:33');
INSERT INTO `users` (`id`, `first_name`, `last_name`, `email`, `phone`, `password`, `created_at`, `updated_at`) VALUES (94, 'Loyal', 'Gleichner', 'schamberger.gordon@example.org', '793-819-8022x29', 'bb54a14dae03b85', '1979-03-17 06:25:01', '2019-05-24 13:13:39');
INSERT INTO `users` (`id`, `first_name`, `last_name`, `email`, `phone`, `password`, `created_at`, `updated_at`) VALUES (95, 'Elliott', 'Upton', 'davin35@example.net', '(967)494-3859', '5219a5caa2a90ac', '1987-09-20 18:42:22', '1978-04-07 13:02:52');
INSERT INTO `users` (`id`, `first_name`, `last_name`, `email`, `phone`, `password`, `created_at`, `updated_at`) VALUES (96, 'Ayana', 'Ratke', 'qbartoletti@example.com', '1-264-843-0731', '260ca2d2b266578', '1991-08-21 04:47:35', '2005-02-23 14:07:10');
INSERT INTO `users` (`id`, `first_name`, `last_name`, `email`, `phone`, `password`, `created_at`, `updated_at`) VALUES (97, 'Dena', 'King', 'gmurphy@example.org', '1-801-264-6426x', '13692d6b24645b5', '1991-10-10 10:44:17', '1981-06-05 05:25:29');
INSERT INTO `users` (`id`, `first_name`, `last_name`, `email`, `phone`, `password`, `created_at`, `updated_at`) VALUES (98, 'Bradley', 'Hirthe', 'goldner.aliyah@example.com', '646-783-9592x40', '8c6ea88d1e6bf1f', '1982-02-17 21:56:04', '1995-01-28 11:50:22');
INSERT INTO `users` (`id`, `first_name`, `last_name`, `email`, `phone`, `password`, `created_at`, `updated_at`) VALUES (99, 'Jay', 'Schumm', 'kaitlyn.wunsch@example.net', '032.396.5064x71', '8c5c4fa32d8e4e2', '1988-06-09 07:04:21', '1993-01-06 16:35:24');
INSERT INTO `users` (`id`, `first_name`, `last_name`, `email`, `phone`, `password`, `created_at`, `updated_at`) VALUES (100, 'Ulises', 'Johnson', 'walker.willie@example.net', '131.710.1537', '59143146c0169b6', '1974-07-30 07:13:25', '1996-12-20 13:55:56');


